<?xml version="1.0" encoding="ISO-8859-1"?>
<modeling>
 <generator>
  <i name="program" type="string">vasp </i>
  <i name="version" type="string">5.4.4.18Apr17-6-g9f103f2a35  </i>
  <i name="subversion" type="string">(build Dec 15 2020 16:10:14) complex            parallel </i>
  <i name="platform" type="string">LinuxIFC </i>
  <i name="date" type="string">2021 04 26 </i>
  <i name="time" type="string">22:12:25 </i>
 </generator>
 <incar>
  <i type="string" name="SYSTEM"> Si-I</i>
  <i type="int" name="ISTART">     0</i>
  <i type="string" name="PREC">a</i>
  <i type="string" name="ALGO"> Normal</i>
  <i type="int" name="NSIM">     4</i>
  <i type="int" name="ICHARG">     2</i>
  <i type="int" name="NELM">    80</i>
  <i type="int" name="NELMIN">     4</i>
  <i type="int" name="IBRION">    -1</i>
  <i name="EDIFF">      0.00000100</i>
  <i name="EDIFFG">     -0.00100000</i>
  <i type="int" name="NSW">     0</i>
  <i type="int" name="ISIF">     3</i>
  <i name="ENCUT">    600.00000000</i>
  <i name="POTIM">      0.50000000</i>
  <i type="logical" name="LREAL"> F  </i>
  <i type="int" name="ISMEAR">     0</i>
  <i name="SIGMA">      0.02000000</i>
  <i type="logical" name="LWAVE"> F  </i>
  <i type="logical" name="LCHARG"> F  </i>
  <i type="logical" name="LVTOT"> F  </i>
  <i type="logical" name="LELF"> F  </i>
  <v type="int" name="KPOINT_BSE">    -1     0     0     0</v>
  <i type="int" name="NELM">    80</i>
  <i type="string" name="GGA">PE</i>
 </incar>
 <structure name="primitive_cell" >
  <crystal>
   <varray name="basis" >
    <v>       0.00000000       2.73430492       2.73430492 </v>
    <v>       2.73430492       0.00000000       2.73430492 </v>
    <v>       2.73430492       2.73430492       0.00000000 </v>
   </varray>
   <i name="volume">     40.88564273 </i>
   <varray name="rec_basis" >
    <v>      -0.18286183       0.18286183       0.18286183 </v>
    <v>       0.18286183      -0.18286183       0.18286183 </v>
    <v>       0.18286183       0.18286183      -0.18286183 </v>
   </varray>
  </crystal>
  <varray name="positions" >
   <v>       0.50000000       0.50000000       0.50000000 </v>
   <v>      -0.25000000      -0.25000000      -0.25000000 </v>
  </varray>
 </structure>
 <varray name="primitive_index" >
  <v type="int" >        1 </v>
  <v type="int" >       30 </v>
 </varray>
 <kpoints>
  <generation param="Gamma">
   <v type="int" name="divisions">       3        3        3 </v>
   <v name="usershift">      0.00000000       0.00000000       0.00000000 </v>
   <v name="genvec1">      0.33333333       0.00000000       0.00000000 </v>
   <v name="genvec2">      0.00000000       0.33333333       0.00000000 </v>
   <v name="genvec3">      0.00000000       0.00000000       0.33333333 </v>
   <v name="shift">      0.00000000       0.00000000       0.00000000 </v>
  </generation>
  <varray name="kpointlist" >
   <v>       0.00000000       0.00000000       0.00000000 </v>
   <v>       0.33333333       0.00000000       0.00000000 </v>
   <v>       0.33333333       0.33333333       0.00000000 </v>
   <v>      -0.33333333       0.33333333       0.00000000 </v>
  </varray>
  <varray name="weights" >
   <v>       0.03703704 </v>
   <v>       0.29629630 </v>
   <v>       0.22222222 </v>
   <v>       0.44444444 </v>
  </varray>
 </kpoints>
 <parameters>
  <separator name="general" >
   <i type="string" name="SYSTEM">Si-I</i>
   <i type="logical" name="LCOMPAT"> F  </i>
  </separator>
  <separator name="electronic" >
   <i type="string" name="PREC">a</i>
   <i name="ENMAX">    600.00000000</i>
   <i name="ENAUG">    322.06900000</i>
   <i name="EDIFF">      0.00000100</i>
   <i type="int" name="IALGO">    38</i>
   <i type="int" name="IWAVPR">    10</i>
   <i type="int" name="NBANDS">   160</i>
   <i name="NELECT">    216.00000000</i>
   <i type="int" name="TURBO">     0</i>
   <i type="int" name="IRESTART">     0</i>
   <i type="int" name="NREBOOT">     0</i>
   <i type="int" name="NMIN">     0</i>
   <i name="EREF">      0.00000000</i>
   <separator name="electronic smearing" >
    <i type="int" name="ISMEAR">     0</i>
    <i name="SIGMA">      0.02000000</i>
    <i name="KSPACING">      0.50000000</i>
    <i type="logical" name="KGAMMA"> T  </i>
   </separator>
   <separator name="electronic projectors" >
    <i type="logical" name="LREAL"> F  </i>
    <v name="ROPT">      0.00000000</v>
    <i type="int" name="LMAXPAW">  -100</i>
    <i type="int" name="LMAXMIX">     2</i>
    <i type="logical" name="NLSPLINE"> F  </i>
   </separator>
   <separator name="electronic startup" >
    <i type="int" name="ISTART">     0</i>
    <i type="int" name="ICHARG">     2</i>
    <i type="int" name="INIWAV">     1</i>
   </separator>
   <separator name="electronic spin" >
    <i type="int" name="ISPIN">     1</i>
    <i type="logical" name="LNONCOLLINEAR"> F  </i>
    <v name="MAGMOM">      1.00000000      1.00000000      1.00000000      1.00000000      1.00000000      1.00000000      1.00000000      1.00000000      1.00000000      1.00000000      1.00000000      1.00000000      1.00000000      1.00000000      1.00000000      1.00000000      1.00000000      1.00000000      1.00000000      1.00000000
      1.00000000      1.00000000      1.00000000      1.00000000      1.00000000      1.00000000      1.00000000      1.00000000      1.00000000      1.00000000      1.00000000      1.00000000      1.00000000      1.00000000      1.00000000      1.00000000      1.00000000      1.00000000      1.00000000      1.00000000
      1.00000000      1.00000000      1.00000000      1.00000000      1.00000000      1.00000000      1.00000000      1.00000000      1.00000000      1.00000000      1.00000000      1.00000000      1.00000000      1.00000000</v>
    <i name="NUPDOWN">     -1.00000000</i>
    <i type="logical" name="LSORBIT"> F  </i>
    <v name="SAXIS">      0.00000000      0.00000000      1.00000000</v>
    <i type="logical" name="LSPIRAL"> F  </i>
    <v name="QSPIRAL">      0.00000000      0.00000000      0.00000000</v>
    <i type="logical" name="LZEROZ"> F  </i>
   </separator>
   <separator name="electronic exchange-correlation" >
    <i type="logical" name="LASPH"> F  </i>
    <i type="logical" name="LMETAGGA"> F  </i>
   </separator>
   <separator name="electronic convergence" >
    <i type="int" name="NELM">    80</i>
    <i type="int" name="NELMDL">    -5</i>
    <i type="int" name="NELMIN">     4</i>
    <i name="ENINI">    600.00000000</i>
    <separator name="electronic convergence detail" >
     <i type="logical" name="LDIAG"> T  </i>
     <i type="logical" name="LSUBROT"> F  </i>
     <i name="WEIMIN">      0.00000000</i>
     <i name="EBREAK">      0.00000000</i>
     <i name="DEPER">      0.30000000</i>
     <i type="int" name="NRMM">     4</i>
     <i name="TIME">      0.40000000</i>
    </separator>
   </separator>
   <separator name="electronic mixer" >
    <i name="AMIX">      0.40000000</i>
    <i name="BMIX">      1.00000000</i>
    <i name="AMIN">      0.10000000</i>
    <i name="AMIX_MAG">      1.60000000</i>
    <i name="BMIX_MAG">      1.00000000</i>
    <separator name="electronic mixer details" >
     <i type="int" name="IMIX">     4</i>
     <i type="logical" name="MIXFIRST"> F  </i>
     <i type="int" name="MAXMIX">   -45</i>
     <i name="WC">    100.00000000</i>
     <i type="int" name="INIMIX">     1</i>
     <i type="int" name="MIXPRE">     1</i>
     <i type="int" name="MREMOVE">     5</i>
    </separator>
   </separator>
   <separator name="electronic dipolcorrection" >
    <i type="logical" name="LDIPOL"> F  </i>
    <i type="logical" name="LMONO"> F  </i>
    <i type="int" name="IDIPOL">     0</i>
    <i name="EPSILON">      1.00000000</i>
    <v name="DIPOL">   -100.00000000   -100.00000000   -100.00000000</v>
    <i name="EFIELD">      0.00000000</i>
   </separator>
  </separator>
  <separator name="grids" >
   <i type="int" name="NGX">    96</i>
   <i type="int" name="NGY">    96</i>
   <i type="int" name="NGZ">    96</i>
   <i type="int" name="NGXF">   192</i>
   <i type="int" name="NGYF">   192</i>
   <i type="int" name="NGZF">   192</i>
   <i type="logical" name="ADDGRID"> F  </i>
  </separator>
  <separator name="ionic" >
   <i type="int" name="NSW">     0</i>
   <i type="int" name="IBRION">    -1</i>
   <i type="int" name="MDALGO">     0</i>
   <i type="int" name="ISIF">     3</i>
   <i name="PSTRESS">      0.00000000</i>
   <i name="EDIFFG">     -0.00100000</i>
   <i type="int" name="NFREE">     0</i>
   <i name="POTIM">      0.50000000</i>
   <i name="SMASS">     -3.00000000</i>
   <i name="SCALEE">      1.00000000</i>
  </separator>
  <separator name="ionic md" >
   <i name="TEBEG">      0.00010000</i>
   <i name="TEEND">      0.00010000</i>
   <i type="int" name="NBLOCK">     1</i>
   <i type="int" name="KBLOCK">     1</i>
   <i type="int" name="NPACO">   256</i>
   <i name="APACO">     16.00000000</i>
  </separator>
  <separator name="symmetry" >
   <i type="int" name="ISYM">     2</i>
   <i name="SYMPREC">      0.00001000</i>
  </separator>
  <separator name="dos" >
   <i type="int" name="LORBIT">     0</i>
   <v name="RWIGS">     -1.00000000</v>
   <i type="int" name="NEDOS">   301</i>
   <i name="EMIN">     10.00000000</i>
   <i name="EMAX">    -10.00000000</i>
   <i name="EFERMI">      0.00000000</i>
  </separator>
  <separator name="writing" >
   <i type="int" name="NWRITE">     2</i>
   <i type="logical" name="LWAVE"> F  </i>
   <i type="logical" name="LDOWNSAMPLE"> F  </i>
   <i type="logical" name="LCHARG"> F  </i>
   <i type="logical" name="LPARD"> F  </i>
   <i type="logical" name="LVTOT"> F  </i>
   <i type="logical" name="LVHAR"> F  </i>
   <i type="logical" name="LELF"> F  </i>
   <i type="logical" name="LOPTICS"> F  </i>
   <v name="STM">      0.00000000      0.00000000      0.00000000      0.00000000      0.00000000      0.00000000      0.00000000</v>
  </separator>
  <separator name="performance" >
   <i type="int" name="NPAR">    80</i>
   <i type="int" name="NSIM">     4</i>
   <i type="int" name="NBLK">    -1</i>
   <i type="logical" name="LPLANE"> T  </i>
   <i type="logical" name="LSCALAPACK"> T  </i>
   <i type="logical" name="LSCAAWARE"> F  </i>
   <i type="logical" name="LSCALU"> F  </i>
   <i type="logical" name="LASYNC"> F  </i>
   <i type="logical" name="LORBITALREAL"> F  </i>
  </separator>
  <separator name="miscellaneous" >
   <i type="int" name="IDIOT">     3</i>
   <i type="int" name="ISPECIAL">     0</i>
   <i type="logical" name="LMUSIC"> F  </i>
   <v name="POMASS">     28.08500000</v>
   <v name="DARWINR">      0.00000000</v>
   <v name="DARWINV">      1.00000000</v>
   <i type="logical" name="LCORR"> T  </i>
  </separator>
  <i type="logical" name="GGA_COMPAT"> T  </i>
  <i type="logical" name="LBERRY"> F  </i>
  <i type="int" name="ICORELEVEL">     0</i>
  <i type="logical" name="LDAU"> F  </i>
  <i type="int" name="I_CONSTRAINED_M">     0</i>
  <separator name="electronic exchange-correlation" >
   <i type="string" name="GGA">PE</i>
   <i type="int" name="VOSKOWN">     0</i>
   <i type="logical" name="LHFCALC"> F  </i>
   <i type="string" name="PRECFOCK"></i>
   <i type="logical" name="LSYMGRAD"> F  </i>
   <i type="logical" name="LHFONE"> F  </i>
   <i type="logical" name="LRHFCALC"> F  </i>
   <i type="logical" name="LTHOMAS"> F  </i>
   <i type="logical" name="LMODELHF"> F  </i>
   <i name="ENCUT4O">     -1.00000000</i>
   <i type="int" name="EXXOEP">     0</i>
   <i type="int" name="FOURORBIT">     0</i>
   <i name="AEXX">      0.00000000</i>
   <i name="HFALPHA">      0.00000000</i>
   <i name="MCALPHA">      0.00000000</i>
   <i name="ALDAX">      1.00000000</i>
   <i name="AGGAX">      1.00000000</i>
   <i name="ALDAC">      1.00000000</i>
   <i name="AGGAC">      1.00000000</i>
   <i type="int" name="NKREDX">     1</i>
   <i type="int" name="NKREDY">     1</i>
   <i type="int" name="NKREDZ">     1</i>
   <i type="logical" name="SHIFTRED"> F  </i>
   <i type="logical" name="ODDONLY"> F  </i>
   <i type="logical" name="EVENONLY"> F  </i>
   <i type="int" name="LMAXFOCK">     0</i>
   <i type="int" name="NMAXFOCKAE">     0</i>
   <i type="logical" name="LFOCKAEDFT"> F  </i>
   <i name="HFSCREEN">      0.00000000</i>
   <i name="HFSCREENC">      0.00000000</i>
   <i type="int" name="NBANDSGWLOW">     0</i>
  </separator>
  <separator name="vdW DFT" >
   <i type="logical" name="LUSE_VDW"> F  </i>
   <i name="Zab_VDW">     -0.84910000</i>
   <i name="PARAM1">      0.12340000</i>
   <i name="PARAM2">      1.00000000</i>
   <i name="PARAM3">      0.00000000</i>
  </separator>
  <separator name="model GW" >
   <i type="int" name="MODEL_GW">     0</i>
   <i name="MODEL_EPS0">     12.26569282</i>
   <i name="MODEL_ALPHA">      1.00000000</i>
  </separator>
  <separator name="linear response parameters" >
   <i type="logical" name="LEPSILON"> F  </i>
   <i type="logical" name="LRPA"> F  </i>
   <i type="logical" name="LNABLA"> F  </i>
   <i type="logical" name="LVEL"> F  </i>
   <i type="int" name="KINTER">     0</i>
   <i name="CSHIFT">      0.10000000</i>
   <i name="OMEGAMAX">     -1.00000000</i>
   <i name="DEG_THRESHOLD">      0.00200000</i>
   <i name="RTIME">     -0.10000000</i>
   <i name="WPLASMAI">      0.00000000</i>
   <v name="DFIELD">      0.00000000      0.00000000      0.00000000</v>
   <v name="WPLASMA">      0.00000000      0.00000000      0.00000000      0.00000000      0.00000000      0.00000000      0.00000000      0.00000000      0.00000000</v>
  </separator>
  <separator name="orbital magnetization" >
   <i type="logical" name="NUCIND"> F  </i>
   <v name="MAGPOS">      0.00000000      0.00000000      0.00000000</v>
   <i type="logical" name="LNICSALL"> T  </i>
   <i type="logical" name="ORBITALMAG"> F  </i>
   <i type="logical" name="LMAGBLOCH"> F  </i>
   <i type="logical" name="LCHIMAG"> F  </i>
   <i type="logical" name="LGAUGE"> T  </i>
   <i type="int" name="MAGATOM">     0</i>
   <v name="MAGDIPOL">      0.00000000      0.00000000      0.00000000</v>
   <v name="AVECCONST">      0.00000000      0.00000000      0.00000000</v>
  </separator>
  <separator name="response functions" >
   <i type="logical" name="LADDER"> F  </i>
   <i type="logical" name="LRPAFORCE"> F  </i>
   <i type="logical" name="LFXC"> F  </i>
   <i type="logical" name="LHARTREE"> T  </i>
   <i type="int" name="IBSE">     0</i>
   <v type="int" name="KPOINT">    -1     0     0     0</v>
   <i type="logical" name="LTCTE"> F  </i>
   <i type="logical" name="LTETE"> F  </i>
   <i type="logical" name="LTRIPLET"> F  </i>
   <i type="logical" name="LFXCEPS"> F  </i>
   <i type="logical" name="LFXHEG"> F  </i>
   <i type="int" name="NATURALO">     2</i>
   <i type="logical" name="L2ORDER"> F  </i>
   <i type="logical" name="LMP2LT"> F  </i>
   <i type="logical" name="LUSEW"> F  </i>
   <i name="ENCUTGW">     -2.00000000</i>
   <i name="ENCUTGWSOFT">     -2.00000000</i>
   <i name="ENCUTLF">     -1.00000000</i>
   <i type="int" name="LMAXMP2">    -1</i>
   <i name="SCISSOR">      0.00000000</i>
   <i type="int" name="NOMEGA">     0</i>
   <i type="int" name="NOMEGAR">     0</i>
   <i type="int" name="NBANDSGW">    -1</i>
   <i type="int" name="NBANDSO">    -1</i>
   <i type="int" name="NBANDSV">    -1</i>
   <i type="int" name="NELM">    80</i>
   <i type="int" name="NELMHF">     1</i>
   <i type="int" name="DIM">     3</i>
   <i type="int" name="ANTIRES">     0</i>
   <i name="OMEGAMAX">    -30.00000000</i>
   <i name="OMEGAMIN">    -30.00000000</i>
   <i name="OMEGATL">   -200.00000000</i>
   <i type="int" name="OMEGAGRID">   140</i>
   <i name="CSHIFT">     -0.10000000</i>
   <i type="logical" name="SELFENERGY"> F  </i>
   <i type="logical" name="LSPECTRAL"> F  </i>
   <i type="logical" name="LSPECTRALGW"> F  </i>
   <i type="logical" name="LSINGLES"> F  </i>
   <i type="logical" name="LFERMIGW"> F  </i>
   <i type="logical" name="ODDONLYGW"> F  </i>
   <i type="logical" name="EVENONLYGW"> F  </i>
   <i type="int" name="NKREDLFX">     1</i>
   <i type="int" name="NKREDLFY">     1</i>
   <i type="int" name="NKREDLFZ">     1</i>
   <i type="int" name="MAXMEM">  2800</i>
   <i type="int" name="TELESCOPE">     0</i>
   <i type="int" name="TAUPAR">     1</i>
   <i type="int" name="OMEGAPAR">    -1</i>
   <i name="LAMBDA">      1.00000000</i>
  </separator>
  <separator name="External order field" >
   <i name="OFIELD_KAPPA">      0.00000000</i>
   <v name="OFIELD_K">      0.00000000      0.00000000      0.00000000</v>
   <i name="OFIELD_Q6_NEAR">      0.00000000</i>
   <i name="OFIELD_Q6_FAR">      0.00000000</i>
   <i name="OFIELD_A">      0.00000000</i>
  </separator>
 </parameters>
 <atominfo>
  <atoms>      54 </atoms>
  <types>       1 </types>
  <array name="atoms" >
   <dimension dim="1">ion</dimension>
   <field type="string">element</field>
   <field type="int">atomtype</field>
   <set>
    <rc><c>Si</c><c>   1</c></rc>
    <rc><c>Si</c><c>   1</c></rc>
    <rc><c>Si</c><c>   1</c></rc>
    <rc><c>Si</c><c>   1</c></rc>
    <rc><c>Si</c><c>   1</c></rc>
    <rc><c>Si</c><c>   1</c></rc>
    <rc><c>Si</c><c>   1</c></rc>
    <rc><c>Si</c><c>   1</c></rc>
    <rc><c>Si</c><c>   1</c></rc>
    <rc><c>Si</c><c>   1</c></rc>
    <rc><c>Si</c><c>   1</c></rc>
    <rc><c>Si</c><c>   1</c></rc>
    <rc><c>Si</c><c>   1</c></rc>
    <rc><c>Si</c><c>   1</c></rc>
    <rc><c>Si</c><c>   1</c></rc>
    <rc><c>Si</c><c>   1</c></rc>
    <rc><c>Si</c><c>   1</c></rc>
    <rc><c>Si</c><c>   1</c></rc>
    <rc><c>Si</c><c>   1</c></rc>
    <rc><c>Si</c><c>   1</c></rc>
    <rc><c>Si</c><c>   1</c></rc>
    <rc><c>Si</c><c>   1</c></rc>
    <rc><c>Si</c><c>   1</c></rc>
    <rc><c>Si</c><c>   1</c></rc>
    <rc><c>Si</c><c>   1</c></rc>
    <rc><c>Si</c><c>   1</c></rc>
    <rc><c>Si</c><c>   1</c></rc>
    <rc><c>Si</c><c>   1</c></rc>
    <rc><c>Si</c><c>   1</c></rc>
    <rc><c>Si</c><c>   1</c></rc>
    <rc><c>Si</c><c>   1</c></rc>
    <rc><c>Si</c><c>   1</c></rc>
    <rc><c>Si</c><c>   1</c></rc>
    <rc><c>Si</c><c>   1</c></rc>
    <rc><c>Si</c><c>   1</c></rc>
    <rc><c>Si</c><c>   1</c></rc>
    <rc><c>Si</c><c>   1</c></rc>
    <rc><c>Si</c><c>   1</c></rc>
    <rc><c>Si</c><c>   1</c></rc>
    <rc><c>Si</c><c>   1</c></rc>
    <rc><c>Si</c><c>   1</c></rc>
    <rc><c>Si</c><c>   1</c></rc>
    <rc><c>Si</c><c>   1</c></rc>
    <rc><c>Si</c><c>   1</c></rc>
    <rc><c>Si</c><c>   1</c></rc>
    <rc><c>Si</c><c>   1</c></rc>
    <rc><c>Si</c><c>   1</c></rc>
    <rc><c>Si</c><c>   1</c></rc>
    <rc><c>Si</c><c>   1</c></rc>
    <rc><c>Si</c><c>   1</c></rc>
    <rc><c>Si</c><c>   1</c></rc>
    <rc><c>Si</c><c>   1</c></rc>
    <rc><c>Si</c><c>   1</c></rc>
    <rc><c>Si</c><c>   1</c></rc>
   </set>
  </array>
  <array name="atomtypes" >
   <dimension dim="1">type</dimension>
   <field type="int">atomspertype</field>
   <field type="string">element</field>
   <field>mass</field>
   <field>valence</field>
   <field type="string">pseudopotential</field>
   <set>
    <rc><c>  54</c><c>Si</c><c>     28.08500000</c><c>      4.00000000</c><c>  PAW_PBE Si 05Jan2001                  </c></rc>
   </set>
  </array>
 </atominfo>
 <structure name="initialpos" >
  <crystal>
   <varray name="basis" >
    <v>       0.00000000       8.20291477       8.20291477 </v>
    <v>       8.20291477       0.00000000       8.20291477 </v>
    <v>       8.20291477       8.20291477       0.00000000 </v>
   </varray>
   <i name="volume">   1103.91235368 </i>
   <varray name="rec_basis" >
    <v>      -0.06095394       0.06095394       0.06095394 </v>
    <v>       0.06095394      -0.06095394       0.06095394 </v>
    <v>       0.06095394       0.06095394      -0.06095394 </v>
   </varray>
  </crystal>
  <varray name="positions" >
   <v>       0.16666667       0.16666667       0.16666667 </v>
   <v>       0.50000000       0.16666667       0.16666667 </v>
   <v>       0.83333333       0.16666667       0.16666667 </v>
   <v>       0.16666667       0.50000000       0.16666667 </v>
   <v>       0.50000000       0.50000000       0.16666667 </v>
   <v>       0.83333333       0.50000000       0.16666667 </v>
   <v>       0.16666667       0.83333333       0.16666667 </v>
   <v>       0.50000000       0.83333333       0.16666667 </v>
   <v>       0.83333333       0.83333333       0.16666667 </v>
   <v>       0.16666667       0.16666667       0.50000000 </v>
   <v>       0.50000000       0.16666667       0.50000000 </v>
   <v>       0.83333333       0.16666667       0.50000000 </v>
   <v>       0.16666667       0.50000000       0.50000000 </v>
   <v>       0.50000000       0.50000000       0.50000000 </v>
   <v>       0.83333333       0.50000000       0.50000000 </v>
   <v>       0.16666667       0.83333333       0.50000000 </v>
   <v>       0.50000000       0.83333333       0.50000000 </v>
   <v>       0.83333333       0.83333333       0.50000000 </v>
   <v>       0.16666667       0.16666667       0.83333333 </v>
   <v>       0.50000000       0.16666667       0.83333333 </v>
   <v>       0.83333333       0.16666667       0.83333333 </v>
   <v>       0.16666667       0.50000000       0.83333333 </v>
   <v>       0.50000000       0.50000000       0.83333333 </v>
   <v>       0.83333333       0.50000000       0.83333333 </v>
   <v>       0.16666667       0.83333333       0.83333333 </v>
   <v>       0.50000000       0.83333333       0.83333333 </v>
   <v>       0.83333333       0.83333333       0.83333333 </v>
   <v>       0.25000000       0.25000000       0.25000000 </v>
   <v>       0.58333333       0.25000000       0.25000000 </v>
   <v>       0.91666667       0.25000000       0.25000000 </v>
   <v>       0.25000000       0.58333333       0.25000000 </v>
   <v>       0.58333333       0.58333333       0.25000000 </v>
   <v>       0.91666667       0.58333333       0.25000000 </v>
   <v>       0.25000000       0.91666667       0.25000000 </v>
   <v>       0.58333333       0.91666667       0.25000000 </v>
   <v>       0.91666667       0.91666667       0.25000000 </v>
   <v>       0.25000000       0.25000000       0.58333333 </v>
   <v>       0.58333333       0.25000000       0.58333333 </v>
   <v>       0.91666667       0.25000000       0.58333333 </v>
   <v>       0.25000000       0.58333333       0.58333333 </v>
   <v>       0.58333333       0.58333333       0.58333333 </v>
   <v>       0.91666667       0.58333333       0.58333333 </v>
   <v>       0.25000000       0.91666667       0.58333333 </v>
   <v>       0.58333333       0.91666667       0.58333333 </v>
   <v>       0.91666667       0.91666667       0.58333333 </v>
   <v>       0.25000000       0.25000000       0.91666667 </v>
   <v>       0.58333333       0.25000000       0.91666667 </v>
   <v>       0.91666667       0.25000000       0.91666667 </v>
   <v>       0.25000000       0.58333333       0.91666667 </v>
   <v>       0.58333333       0.58333333       0.91666667 </v>
   <v>       0.91666667       0.58333333       0.91666667 </v>
   <v>       0.25000000       0.91666667       0.91666667 </v>
   <v>       0.58333333       0.91666667       0.91666667 </v>
   <v>       0.91666667       0.91666667       0.91666667 </v>
  </varray>
 </structure>
 <calculation>
  <scstep>
   <time name="dav">    5.22    5.23</time>
   <time name="total">    5.36    5.40</time>
   <energy>
    <i name="alphaZ">     88.92163321 </i>
    <i name="ewald">  -6127.64570125 </i>
    <i name="hartreedc">   -305.70485916 </i>
    <i name="XCdc">   -504.49306606 </i>
    <i name="pawpsdc">   4758.68517920 </i>
    <i name="pawaedc">  -3808.64796066 </i>
    <i name="eentropy">     -0.00253660 </i>
    <i name="bandstr">    831.67427233 </i>
    <i name="atom">   5565.59421579 </i>
    <i name="e_fr_energy">    498.38117682 </i>
    <i name="e_wo_entrp">    498.38371341 </i>
    <i name="e_0_energy">    498.38244511 </i>
   </energy>
  </scstep>
  <scstep>
   <time name="dav">    6.77    6.79</time>
   <time name="total">    6.77    6.79</time>
   <energy>
    <i name="e_fr_energy">   -274.09953502 </i>
    <i name="e_wo_entrp">   -274.09953502 </i>
    <i name="e_0_energy">   -274.09953502 </i>
   </energy>
  </scstep>
  <scstep>
   <time name="dav">    7.00    7.03</time>
   <time name="total">    7.00    7.03</time>
   <energy>
    <i name="e_fr_energy">   -297.21171464 </i>
    <i name="e_wo_entrp">   -297.21171464 </i>
    <i name="e_0_energy">   -297.21171464 </i>
   </energy>
  </scstep>
  <scstep>
   <time name="dav">    6.62    6.64</time>
   <time name="total">    6.62    6.64</time>
   <energy>
    <i name="e_fr_energy">   -297.45102813 </i>
    <i name="e_wo_entrp">   -297.45102813 </i>
    <i name="e_0_energy">   -297.45102813 </i>
   </energy>
  </scstep>
  <scstep>
   <time name="dav">    6.86    6.88</time>
   <time name="total">    7.48    7.50</time>
   <energy>
    <i name="e_fr_energy">   -297.45645272 </i>
    <i name="e_wo_entrp">   -297.45645272 </i>
    <i name="e_0_energy">   -297.45645272 </i>
   </energy>
  </scstep>
  <scstep>
   <time name="dav">    6.28    6.30</time>
   <time name="total">    7.02    7.04</time>
   <energy>
    <i name="e_fr_energy">   -294.32009805 </i>
    <i name="e_wo_entrp">   -294.32009805 </i>
    <i name="e_0_energy">   -294.32009805 </i>
   </energy>
  </scstep>
  <scstep>
   <time name="dav">    6.23    6.24</time>
   <time name="total">    6.97    6.99</time>
   <energy>
    <i name="e_fr_energy">   -292.87903606 </i>
    <i name="e_wo_entrp">   -292.87903606 </i>
    <i name="e_0_energy">   -292.87903606 </i>
   </energy>
  </scstep>
  <scstep>
   <time name="dav">    6.44    6.45</time>
   <time name="total">    7.16    7.18</time>
   <energy>
    <i name="e_fr_energy">   -292.90044580 </i>
    <i name="e_wo_entrp">   -292.90044580 </i>
    <i name="e_0_energy">   -292.90044580 </i>
   </energy>
  </scstep>
  <scstep>
   <time name="dav">    6.90    6.92</time>
   <time name="total">    7.70    7.71</time>
   <energy>
    <i name="e_fr_energy">   -292.90664775 </i>
    <i name="e_wo_entrp">   -292.90664775 </i>
    <i name="e_0_energy">   -292.90664775 </i>
   </energy>
  </scstep>
  <scstep>
   <time name="dav">    6.49    6.50</time>
   <time name="total">    7.21    7.23</time>
   <energy>
    <i name="e_fr_energy">   -292.90808534 </i>
    <i name="e_wo_entrp">   -292.90808534 </i>
    <i name="e_0_energy">   -292.90808534 </i>
   </energy>
  </scstep>
  <scstep>
   <time name="dav">    6.95    6.97</time>
   <time name="total">    7.67    7.69</time>
   <energy>
    <i name="e_fr_energy">   -292.90807324 </i>
    <i name="e_wo_entrp">   -292.90807324 </i>
    <i name="e_0_energy">   -292.90807324 </i>
   </energy>
  </scstep>
  <scstep>
   <time name="dav">    6.81    6.82</time>
   <time name="total">    7.58    7.60</time>
   <energy>
    <i name="e_fr_energy">   -292.90808100 </i>
    <i name="e_wo_entrp">   -292.90808100 </i>
    <i name="e_0_energy">   -292.90808100 </i>
   </energy>
  </scstep>
  <scstep>
   <time name="dav">    6.39    6.40</time>
   <time name="total">    7.19    7.21</time>
   <energy>
    <i name="e_fr_energy">   -292.90807980 </i>
    <i name="e_wo_entrp">   -292.90807980 </i>
    <i name="e_0_energy">   -292.90807980 </i>
   </energy>
  </scstep>
  <scstep>
   <time name="dav">    5.65    5.74</time>
   <time name="total">    5.81    5.91</time>
   <energy>
    <i name="alphaZ">     88.92163321 </i>
    <i name="ewald">  -6127.64570125 </i>
    <i name="hartreedc">   -409.75886500 </i>
    <i name="XCdc">   -487.62946624 </i>
    <i name="pawpsdc">  22387.15123314 </i>
    <i name="pawaedc"> -21442.66087025 </i>
    <i name="eentropy">     -0.00000000 </i>
    <i name="bandstr">    133.11974043 </i>
    <i name="atom">   5565.59421579 </i>
    <i name="e_fr_energy">   -292.90808018 </i>
    <i name="e_wo_entrp">   -292.90808018 </i>
    <i name="e_0_energy">   -292.90808018 </i>
   </energy>
  </scstep>
  <structure>
   <crystal>
    <varray name="basis" >
     <v>       0.00000000       8.20291477       8.20291477 </v>
     <v>       8.20291477       0.00000000       8.20291477 </v>
     <v>       8.20291477       8.20291477       0.00000000 </v>
    </varray>
    <i name="volume">   1103.91235368 </i>
    <varray name="rec_basis" >
     <v>      -0.06095394       0.06095394       0.06095394 </v>
     <v>       0.06095394      -0.06095394       0.06095394 </v>
     <v>       0.06095394       0.06095394      -0.06095394 </v>
    </varray>
   </crystal>
   <varray name="positions" >
    <v>       0.16666667       0.16666667       0.16666667 </v>
    <v>       0.50000000       0.16666667       0.16666667 </v>
    <v>       0.83333333       0.16666667       0.16666667 </v>
    <v>       0.16666667       0.50000000       0.16666667 </v>
    <v>       0.50000000       0.50000000       0.16666667 </v>
    <v>       0.83333333       0.50000000       0.16666667 </v>
    <v>       0.16666667       0.83333333       0.16666667 </v>
    <v>       0.50000000       0.83333333       0.16666667 </v>
    <v>       0.83333333       0.83333333       0.16666667 </v>
    <v>       0.16666667       0.16666667       0.50000000 </v>
    <v>       0.50000000       0.16666667       0.50000000 </v>
    <v>       0.83333333       0.16666667       0.50000000 </v>
    <v>       0.16666667       0.50000000       0.50000000 </v>
    <v>       0.50000000       0.50000000       0.50000000 </v>
    <v>       0.83333333       0.50000000       0.50000000 </v>
    <v>       0.16666667       0.83333333       0.50000000 </v>
    <v>       0.50000000       0.83333333       0.50000000 </v>
    <v>       0.83333333       0.83333333       0.50000000 </v>
    <v>       0.16666667       0.16666667       0.83333333 </v>
    <v>       0.50000000       0.16666667       0.83333333 </v>
    <v>       0.83333333       0.16666667       0.83333333 </v>
    <v>       0.16666667       0.50000000       0.83333333 </v>
    <v>       0.50000000       0.50000000       0.83333333 </v>
    <v>       0.83333333       0.50000000       0.83333333 </v>
    <v>       0.16666667       0.83333333       0.83333333 </v>
    <v>       0.50000000       0.83333333       0.83333333 </v>
    <v>       0.83333333       0.83333333       0.83333333 </v>
    <v>       0.25000000       0.25000000       0.25000000 </v>
    <v>       0.58333333       0.25000000       0.25000000 </v>
    <v>       0.91666667       0.25000000       0.25000000 </v>
    <v>       0.25000000       0.58333333       0.25000000 </v>
    <v>       0.58333333       0.58333333       0.25000000 </v>
    <v>       0.91666667       0.58333333       0.25000000 </v>
    <v>       0.25000000       0.91666667       0.25000000 </v>
    <v>       0.58333333       0.91666667       0.25000000 </v>
    <v>       0.91666667       0.91666667       0.25000000 </v>
    <v>       0.25000000       0.25000000       0.58333333 </v>
    <v>       0.58333333       0.25000000       0.58333333 </v>
    <v>       0.91666667       0.25000000       0.58333333 </v>
    <v>       0.25000000       0.58333333       0.58333333 </v>
    <v>       0.58333333       0.58333333       0.58333333 </v>
    <v>       0.91666667       0.58333333       0.58333333 </v>
    <v>       0.25000000       0.91666667       0.58333333 </v>
    <v>       0.58333333       0.91666667       0.58333333 </v>
    <v>       0.91666667       0.91666667       0.58333333 </v>
    <v>       0.25000000       0.25000000       0.91666667 </v>
    <v>       0.58333333       0.25000000       0.91666667 </v>
    <v>       0.91666667       0.25000000       0.91666667 </v>
    <v>       0.25000000       0.58333333       0.91666667 </v>
    <v>       0.58333333       0.58333333       0.91666667 </v>
    <v>       0.91666667       0.58333333       0.91666667 </v>
    <v>       0.25000000       0.91666667       0.91666667 </v>
    <v>       0.58333333       0.91666667       0.91666667 </v>
    <v>       0.91666667       0.91666667       0.91666667 </v>
   </varray>
  </structure>
  <varray name="forces" >
   <v>       0.00000000      -0.00000000      -0.00000000 </v>
   <v>       0.00000000      -0.00000000      -0.00000000 </v>
   <v>      -0.00000000       0.00000000      -0.00000000 </v>
   <v>      -0.00000000       0.00000000      -0.00000000 </v>
   <v>      -0.00000000      -0.00000000      -0.00000000 </v>
   <v>      -0.00000000      -0.00000000      -0.00000000 </v>
   <v>      -0.00000000      -0.00000000      -0.00000000 </v>
   <v>       0.00000000      -0.00000000      -0.00000000 </v>
   <v>      -0.00000000      -0.00000000      -0.00000000 </v>
   <v>      -0.00000000      -0.00000000      -0.00000000 </v>
   <v>      -0.00000000      -0.00000000      -0.00000000 </v>
   <v>      -0.00000000      -0.00000000      -0.00000000 </v>
   <v>      -0.00000000      -0.00000000      -0.00000000 </v>
   <v>      -0.00000000      -0.00000000      -0.00000000 </v>
   <v>      -0.00000000      -0.00000000      -0.00000000 </v>
   <v>      -0.00000000      -0.00000000      -0.00000000 </v>
   <v>      -0.00000000      -0.00000000      -0.00000000 </v>
   <v>      -0.00000000      -0.00000000      -0.00000000 </v>
   <v>      -0.00000000      -0.00000000       0.00000000 </v>
   <v>      -0.00000000      -0.00000000       0.00000000 </v>
   <v>      -0.00000000      -0.00000000       0.00000000 </v>
   <v>      -0.00000000      -0.00000000      -0.00000000 </v>
   <v>      -0.00000000      -0.00000000      -0.00000000 </v>
   <v>      -0.00000000      -0.00000000      -0.00000000 </v>
   <v>      -0.00000000      -0.00000000      -0.00000000 </v>
   <v>       0.00000000      -0.00000000      -0.00000000 </v>
   <v>      -0.00000000      -0.00000000      -0.00000000 </v>
   <v>       0.00000000       0.00000000       0.00000000 </v>
   <v>       0.00000000       0.00000000       0.00000000 </v>
   <v>       0.00000000       0.00000000       0.00000000 </v>
   <v>       0.00000000      -0.00000000       0.00000000 </v>
   <v>       0.00000000       0.00000000       0.00000000 </v>
   <v>       0.00000000       0.00000000       0.00000000 </v>
   <v>      -0.00000000       0.00000000       0.00000000 </v>
   <v>       0.00000000       0.00000000       0.00000000 </v>
   <v>       0.00000000       0.00000000       0.00000000 </v>
   <v>       0.00000000       0.00000000       0.00000000 </v>
   <v>       0.00000000       0.00000000       0.00000000 </v>
   <v>       0.00000000       0.00000000       0.00000000 </v>
   <v>       0.00000000       0.00000000       0.00000000 </v>
   <v>       0.00000000       0.00000000       0.00000000 </v>
   <v>       0.00000000       0.00000000       0.00000000 </v>
   <v>       0.00000000       0.00000000       0.00000000 </v>
   <v>       0.00000000       0.00000000       0.00000000 </v>
   <v>       0.00000000       0.00000000       0.00000000 </v>
   <v>       0.00000000       0.00000000      -0.00000000 </v>
   <v>       0.00000000       0.00000000      -0.00000000 </v>
   <v>       0.00000000       0.00000000       0.00000000 </v>
   <v>       0.00000000       0.00000000       0.00000000 </v>
   <v>      -0.00000000       0.00000000       0.00000000 </v>
   <v>       0.00000000       0.00000000       0.00000000 </v>
   <v>       0.00000000       0.00000000       0.00000000 </v>
   <v>       0.00000000       0.00000000       0.00000000 </v>
   <v>       0.00000000       0.00000000       0.00000000 </v>
  </varray>
  <varray name="stress" >
   <v>       0.06043633      -0.00000000       0.00000000 </v>
   <v>      -0.00000000       0.06043633      -0.00000000 </v>
   <v>       0.00000000      -0.00000000       0.06043633 </v>
  </varray>
  <energy>
   <i name="e_fr_energy">   -292.90808018 </i>
   <i name="e_wo_entrp">   -292.90808018 </i>
   <i name="e_0_energy">     -0.00000000 </i>
  </energy>
  <time name="totalsc">  104.62  105.42</time>
  <eigenvalues>
   <array>
    <dimension dim="1">band</dimension>
    <dimension dim="2">kpoint</dimension>
    <dimension dim="3">spin</dimension>
    <field>eigene</field>
    <field>occ</field>
    <set>
     <set comment="spin 1">
      <set comment="kpoint 1">
       <r>   -6.1979    1.0000 </r>
       <r>   -4.8477    1.0000 </r>
       <r>   -4.8477    1.0000 </r>
       <r>   -4.8477    1.0000 </r>
       <r>   -4.8477    1.0000 </r>
       <r>   -4.8477    1.0000 </r>
       <r>   -4.8477    1.0000 </r>
       <r>   -4.8477    1.0000 </r>
       <r>   -4.8477    1.0000 </r>
       <r>   -4.3279    1.0000 </r>
       <r>   -4.3279    1.0000 </r>
       <r>   -4.3279    1.0000 </r>
       <r>   -4.3279    1.0000 </r>
       <r>   -4.3279    1.0000 </r>
       <r>   -4.3279    1.0000 </r>
       <r>   -3.0010    1.0000 </r>
       <r>   -3.0010    1.0000 </r>
       <r>   -3.0010    1.0000 </r>
       <r>   -3.0010    1.0000 </r>
       <r>   -3.0010    1.0000 </r>
       <r>   -3.0010    1.0000 </r>
       <r>   -3.0010    1.0000 </r>
       <r>   -3.0010    1.0000 </r>
       <r>   -3.0010    1.0000 </r>
       <r>   -3.0010    1.0000 </r>
       <r>   -3.0010    1.0000 </r>
       <r>   -3.0010    1.0000 </r>
       <r>   -1.0962    1.0000 </r>
       <r>   -1.0962    1.0000 </r>
       <r>   -1.0962    1.0000 </r>
       <r>   -1.0962    1.0000 </r>
       <r>   -1.0962    1.0000 </r>
       <r>   -1.0962    1.0000 </r>
       <r>   -1.0962    1.0000 </r>
       <r>   -1.0962    1.0000 </r>
       <r>   -1.0962    1.0000 </r>
       <r>   -1.0962    1.0000 </r>
       <r>   -1.0962    1.0000 </r>
       <r>   -1.0962    1.0000 </r>
       <r>    0.3476    1.0000 </r>
       <r>    0.3476    1.0000 </r>
       <r>    0.3476    1.0000 </r>
       <r>    0.3476    1.0000 </r>
       <r>    0.3476    1.0000 </r>
       <r>    0.3476    1.0000 </r>
       <r>    0.3476    1.0000 </r>
       <r>    0.3476    1.0000 </r>
       <r>    0.6271    1.0000 </r>
       <r>    0.6271    1.0000 </r>
       <r>    0.6271    1.0000 </r>
       <r>    0.6271    1.0000 </r>
       <r>    0.6271    1.0000 </r>
       <r>    0.6271    1.0000 </r>
       <r>    1.3064    1.0000 </r>
       <r>    1.3064    1.0000 </r>
       <r>    1.3064    1.0000 </r>
       <r>    1.3064    1.0000 </r>
       <r>    1.3064    1.0000 </r>
       <r>    1.3064    1.0000 </r>
       <r>    1.3064    1.0000 </r>
       <r>    1.3064    1.0000 </r>
       <r>    1.3064    1.0000 </r>
       <r>    1.3064    1.0000 </r>
       <r>    1.3064    1.0000 </r>
       <r>    1.3064    1.0000 </r>
       <r>    3.2501    1.0000 </r>
       <r>    3.2501    1.0000 </r>
       <r>    3.2501    1.0000 </r>
       <r>    3.2501    1.0000 </r>
       <r>    3.2501    1.0000 </r>
       <r>    3.2501    1.0000 </r>
       <r>    3.2501    1.0000 </r>
       <r>    3.2501    1.0000 </r>
       <r>    3.2501    1.0000 </r>
       <r>    3.2501    1.0000 </r>
       <r>    3.2501    1.0000 </r>
       <r>    3.2501    1.0000 </r>
       <r>    3.5482    1.0000 </r>
       <r>    3.5482    1.0000 </r>
       <r>    3.5482    1.0000 </r>
       <r>    3.5482    1.0000 </r>
       <r>    3.5482    1.0000 </r>
       <r>    3.5482    1.0000 </r>
       <r>    3.5482    1.0000 </r>
       <r>    3.5482    1.0000 </r>
       <r>    3.5482    1.0000 </r>
       <r>    3.5482    1.0000 </r>
       <r>    3.5482    1.0000 </r>
       <r>    3.5482    1.0000 </r>
       <r>    4.6347    1.0000 </r>
       <r>    4.6347    1.0000 </r>
       <r>    4.6347    1.0000 </r>
       <r>    4.6347    1.0000 </r>
       <r>    4.6347    1.0000 </r>
       <r>    4.6347    1.0000 </r>
       <r>    4.6347    1.0000 </r>
       <r>    4.6347    1.0000 </r>
       <r>    4.6347    1.0000 </r>
       <r>    4.6347    1.0000 </r>
       <r>    4.6347    1.0000 </r>
       <r>    4.6347    1.0000 </r>
       <r>    4.6347    1.0000 </r>
       <r>    4.6347    1.0000 </r>
       <r>    4.6347    1.0000 </r>
       <r>    4.6347    1.0000 </r>
       <r>    5.6172    1.0000 </r>
       <r>    5.6172    1.0000 </r>
       <r>    5.6172    1.0000 </r>
       <r>    6.3755    0.0000 </r>
       <r>    6.3755    0.0000 </r>
       <r>    6.3755    0.0000 </r>
       <r>    6.3755    0.0000 </r>
       <r>    6.3755    0.0000 </r>
       <r>    6.3755    0.0000 </r>
       <r>    7.2050    0.0000 </r>
       <r>    7.2050    0.0000 </r>
       <r>    7.2050    0.0000 </r>
       <r>    7.2050    0.0000 </r>
       <r>    7.2050    0.0000 </r>
       <r>    7.2050    0.0000 </r>
       <r>    7.2050    0.0000 </r>
       <r>    7.2050    0.0000 </r>
       <r>    7.2050    0.0000 </r>
       <r>    7.2050    0.0000 </r>
       <r>    7.2050    0.0000 </r>
       <r>    7.2050    0.0000 </r>
       <r>    7.3101    0.0000 </r>
       <r>    7.3101    0.0000 </r>
       <r>    7.3101    0.0000 </r>
       <r>    7.3101    0.0000 </r>
       <r>    7.3101    0.0000 </r>
       <r>    7.3101    0.0000 </r>
       <r>    7.3101    0.0000 </r>
       <r>    7.3101    0.0000 </r>
       <r>    7.6387    0.0000 </r>
       <r>    7.6387    0.0000 </r>
       <r>    7.6387    0.0000 </r>
       <r>    7.6387    0.0000 </r>
       <r>    7.6387    0.0000 </r>
       <r>    7.6387    0.0000 </r>
       <r>    8.1740    0.0000 </r>
       <r>    8.1740    0.0000 </r>
       <r>    8.1740    0.0000 </r>
       <r>    8.7520    0.0000 </r>
       <r>    9.1205    0.0000 </r>
       <r>    9.1205    0.0000 </r>
       <r>    9.1205    0.0000 </r>
       <r>    9.1205    0.0000 </r>
       <r>    9.1205    0.0000 </r>
       <r>    9.1205    0.0000 </r>
       <r>    9.1205    0.0000 </r>
       <r>    9.1205    0.0000 </r>
       <r>    9.1205    0.0000 </r>
       <r>    9.1205    0.0000 </r>
       <r>    9.1205    0.0000 </r>
       <r>    9.1205    0.0000 </r>
       <r>    9.1205    0.0000 </r>
       <r>    9.1205    0.0000 </r>
       <r>    9.1205    0.0000 </r>
       <r>    9.1205    0.0000 </r>
      </set>
      <set comment="kpoint 2">
       <r>   -6.0393    1.0000 </r>
       <r>   -5.5735    1.0000 </r>
       <r>   -4.9724    1.0000 </r>
       <r>   -4.9724    1.0000 </r>
       <r>   -4.9724    1.0000 </r>
       <r>   -4.7972    1.0000 </r>
       <r>   -4.7972    1.0000 </r>
       <r>   -4.7972    1.0000 </r>
       <r>   -4.4364    1.0000 </r>
       <r>   -4.4364    1.0000 </r>
       <r>   -4.4364    1.0000 </r>
       <r>   -4.0765    1.0000 </r>
       <r>   -3.7787    1.0000 </r>
       <r>   -3.7787    1.0000 </r>
       <r>   -3.7787    1.0000 </r>
       <r>   -3.6032    1.0000 </r>
       <r>   -3.6032    1.0000 </r>
       <r>   -3.6032    1.0000 </r>
       <r>   -2.9941    1.0000 </r>
       <r>   -2.9941    1.0000 </r>
       <r>   -2.9941    1.0000 </r>
       <r>   -2.9941    1.0000 </r>
       <r>   -2.9941    1.0000 </r>
       <r>   -2.9941    1.0000 </r>
       <r>   -2.8276    1.0000 </r>
       <r>   -2.8276    1.0000 </r>
       <r>   -2.8276    1.0000 </r>
       <r>   -1.2861    1.0000 </r>
       <r>   -1.2861    1.0000 </r>
       <r>   -1.2861    1.0000 </r>
       <r>   -1.1465    1.0000 </r>
       <r>   -1.1465    1.0000 </r>
       <r>   -1.1465    1.0000 </r>
       <r>   -1.1465    1.0000 </r>
       <r>   -1.1465    1.0000 </r>
       <r>   -1.1465    1.0000 </r>
       <r>   -1.0190    1.0000 </r>
       <r>   -0.5130    1.0000 </r>
       <r>   -0.5130    1.0000 </r>
       <r>   -0.5130    1.0000 </r>
       <r>   -0.4063    1.0000 </r>
       <r>   -0.4063    1.0000 </r>
       <r>   -0.4063    1.0000 </r>
       <r>   -0.1343    1.0000 </r>
       <r>   -0.1343    1.0000 </r>
       <r>   -0.1343    1.0000 </r>
       <r>    0.9585    1.0000 </r>
       <r>    0.9585    1.0000 </r>
       <r>    0.9585    1.0000 </r>
       <r>    1.2822    1.0000 </r>
       <r>    1.2822    1.0000 </r>
       <r>    1.2822    1.0000 </r>
       <r>    1.5740    1.0000 </r>
       <r>    1.5740    1.0000 </r>
       <r>    1.5740    1.0000 </r>
       <r>    1.5740    1.0000 </r>
       <r>    1.5740    1.0000 </r>
       <r>    1.5740    1.0000 </r>
       <r>    1.6608    1.0000 </r>
       <r>    1.6608    1.0000 </r>
       <r>    1.6608    1.0000 </r>
       <r>    1.9501    1.0000 </r>
       <r>    1.9501    1.0000 </r>
       <r>    1.9501    1.0000 </r>
       <r>    2.2286    1.0000 </r>
       <r>    2.5429    1.0000 </r>
       <r>    2.5429    1.0000 </r>
       <r>    2.5429    1.0000 </r>
       <r>    3.0912    1.0000 </r>
       <r>    3.0912    1.0000 </r>
       <r>    3.0912    1.0000 </r>
       <r>    3.0912    1.0000 </r>
       <r>    3.0912    1.0000 </r>
       <r>    3.0912    1.0000 </r>
       <r>    3.0953    1.0000 </r>
       <r>    3.0953    1.0000 </r>
       <r>    3.0953    1.0000 </r>
       <r>    3.2000    1.0000 </r>
       <r>    3.2000    1.0000 </r>
       <r>    3.2000    1.0000 </r>
       <r>    3.3642    1.0000 </r>
       <r>    3.3642    1.0000 </r>
       <r>    3.3642    1.0000 </r>
       <r>    3.4065    1.0000 </r>
       <r>    3.4065    1.0000 </r>
       <r>    3.4065    1.0000 </r>
       <r>    3.6441    1.0000 </r>
       <r>    3.6441    1.0000 </r>
       <r>    3.6441    1.0000 </r>
       <r>    4.0710    1.0000 </r>
       <r>    4.0710    1.0000 </r>
       <r>    4.0710    1.0000 </r>
       <r>    4.1183    1.0000 </r>
       <r>    4.1183    1.0000 </r>
       <r>    4.1183    1.0000 </r>
       <r>    4.1908    1.0000 </r>
       <r>    4.1908    1.0000 </r>
       <r>    4.1908    1.0000 </r>
       <r>    4.2782    1.0000 </r>
       <r>    4.4607    1.0000 </r>
       <r>    4.4607    1.0000 </r>
       <r>    4.5675    1.0000 </r>
       <r>    4.5675    1.0000 </r>
       <r>    4.5675    1.0000 </r>
       <r>    4.9683    1.0000 </r>
       <r>    4.9683    1.0000 </r>
       <r>    5.3850    1.0000 </r>
       <r>    5.3850    1.0000 </r>
       <r>    6.6180    0.0000 </r>
       <r>    6.6180    0.0000 </r>
       <r>    6.6180    0.0000 </r>
       <r>    6.8145    0.0000 </r>
       <r>    6.8145    0.0000 </r>
       <r>    6.8145    0.0000 </r>
       <r>    7.0959    0.0000 </r>
       <r>    7.0959    0.0000 </r>
       <r>    7.0959    0.0000 </r>
       <r>    7.1097    0.0000 </r>
       <r>    7.6782    0.0000 </r>
       <r>    7.6782    0.0000 </r>
       <r>    7.6782    0.0000 </r>
       <r>    7.6823    0.0000 </r>
       <r>    7.8013    0.0000 </r>
       <r>    7.8013    0.0000 </r>
       <r>    7.8013    0.0000 </r>
       <r>    7.9167    0.0000 </r>
       <r>    7.9167    0.0000 </r>
       <r>    7.9167    0.0000 </r>
       <r>    7.9607    0.0000 </r>
       <r>    7.9607    0.0000 </r>
       <r>    7.9607    0.0000 </r>
       <r>    8.1068    0.0000 </r>
       <r>    8.1395    0.0000 </r>
       <r>    8.1395    0.0000 </r>
       <r>    8.1395    0.0000 </r>
       <r>    8.1395    0.0000 </r>
       <r>    8.1395    0.0000 </r>
       <r>    8.1395    0.0000 </r>
       <r>    8.5163    0.0000 </r>
       <r>    8.5163    0.0000 </r>
       <r>    8.7900    0.0000 </r>
       <r>    8.7900    0.0000 </r>
       <r>    8.7900    0.0000 </r>
       <r>    8.9903    0.0000 </r>
       <r>    8.9903    0.0000 </r>
       <r>    9.0404    0.0000 </r>
       <r>    9.0404    0.0000 </r>
       <r>    9.0719    0.0000 </r>
       <r>    9.0719    0.0000 </r>
       <r>    9.0719    0.0000 </r>
       <r>    9.2526    0.0000 </r>
       <r>    9.2526    0.0000 </r>
       <r>    9.2526    0.0000 </r>
       <r>    9.2529    0.0000 </r>
       <r>    9.2529    0.0000 </r>
       <r>    9.2529    0.0000 </r>
       <r>    9.3279    0.0000 </r>
       <r>    9.3279    0.0000 </r>
       <r>    9.3279    0.0000 </r>
       <r>    9.9097    0.0000 </r>
      </set>
      <set comment="kpoint 3">
       <r>   -5.9859    1.0000 </r>
       <r>   -5.3561    1.0000 </r>
       <r>   -5.2185    1.0000 </r>
       <r>   -5.2185    1.0000 </r>
       <r>   -5.2185    1.0000 </r>
       <r>   -5.2185    1.0000 </r>
       <r>   -4.1648    1.0000 </r>
       <r>   -4.1648    1.0000 </r>
       <r>   -4.1648    1.0000 </r>
       <r>   -4.1648    1.0000 </r>
       <r>   -4.1577    1.0000 </r>
       <r>   -4.1577    1.0000 </r>
       <r>   -4.1577    1.0000 </r>
       <r>   -4.1577    1.0000 </r>
       <r>   -3.6783    1.0000 </r>
       <r>   -3.6783    1.0000 </r>
       <r>   -3.6783    1.0000 </r>
       <r>   -3.6783    1.0000 </r>
       <r>   -3.3772    1.0000 </r>
       <r>   -3.3772    1.0000 </r>
       <r>   -3.3772    1.0000 </r>
       <r>   -3.3772    1.0000 </r>
       <r>   -2.9395    1.0000 </r>
       <r>   -2.3191    1.0000 </r>
       <r>   -2.3191    1.0000 </r>
       <r>   -2.3191    1.0000 </r>
       <r>   -2.3191    1.0000 </r>
       <r>   -1.7245    1.0000 </r>
       <r>   -1.7245    1.0000 </r>
       <r>   -1.7245    1.0000 </r>
       <r>   -1.7245    1.0000 </r>
       <r>   -1.2555    1.0000 </r>
       <r>   -1.0763    1.0000 </r>
       <r>   -1.0763    1.0000 </r>
       <r>   -1.0763    1.0000 </r>
       <r>   -1.0763    1.0000 </r>
       <r>   -0.6007    1.0000 </r>
       <r>   -0.6007    1.0000 </r>
       <r>   -0.6007    1.0000 </r>
       <r>   -0.6007    1.0000 </r>
       <r>   -0.3618    1.0000 </r>
       <r>   -0.3618    1.0000 </r>
       <r>   -0.3618    1.0000 </r>
       <r>   -0.3618    1.0000 </r>
       <r>    0.3307    1.0000 </r>
       <r>    0.3307    1.0000 </r>
       <r>    0.3307    1.0000 </r>
       <r>    0.3307    1.0000 </r>
       <r>    1.5629    1.0000 </r>
       <r>    1.5629    1.0000 </r>
       <r>    1.5629    1.0000 </r>
       <r>    1.5629    1.0000 </r>
       <r>    1.6195    1.0000 </r>
       <r>    1.6195    1.0000 </r>
       <r>    1.6195    1.0000 </r>
       <r>    1.6195    1.0000 </r>
       <r>    1.7203    1.0000 </r>
       <r>    1.7203    1.0000 </r>
       <r>    1.7203    1.0000 </r>
       <r>    1.7203    1.0000 </r>
       <r>    2.1240    1.0000 </r>
       <r>    2.1240    1.0000 </r>
       <r>    2.1240    1.0000 </r>
       <r>    2.1240    1.0000 </r>
       <r>    2.5910    1.0000 </r>
       <r>    2.6033    1.0000 </r>
       <r>    2.6033    1.0000 </r>
       <r>    2.6033    1.0000 </r>
       <r>    2.6033    1.0000 </r>
       <r>    2.6149    1.0000 </r>
       <r>    2.6149    1.0000 </r>
       <r>    2.6149    1.0000 </r>
       <r>    2.6149    1.0000 </r>
       <r>    2.8709    1.0000 </r>
       <r>    2.8709    1.0000 </r>
       <r>    3.2796    1.0000 </r>
       <r>    3.2796    1.0000 </r>
       <r>    3.2796    1.0000 </r>
       <r>    3.2796    1.0000 </r>
       <r>    3.5177    1.0000 </r>
       <r>    3.5177    1.0000 </r>
       <r>    3.5177    1.0000 </r>
       <r>    3.5177    1.0000 </r>
       <r>    3.6398    1.0000 </r>
       <r>    3.6398    1.0000 </r>
       <r>    3.6398    1.0000 </r>
       <r>    3.6398    1.0000 </r>
       <r>    3.6897    1.0000 </r>
       <r>    3.6897    1.0000 </r>
       <r>    3.6897    1.0000 </r>
       <r>    3.6897    1.0000 </r>
       <r>    3.6981    1.0000 </r>
       <r>    3.6981    1.0000 </r>
       <r>    3.6981    1.0000 </r>
       <r>    3.6981    1.0000 </r>
       <r>    3.9808    1.0000 </r>
       <r>    3.9808    1.0000 </r>
       <r>    4.1083    1.0000 </r>
       <r>    4.1083    1.0000 </r>
       <r>    4.1083    1.0000 </r>
       <r>    4.1083    1.0000 </r>
       <r>    4.4887    1.0000 </r>
       <r>    4.9567    1.0000 </r>
       <r>    4.9567    1.0000 </r>
       <r>    5.0086    1.0000 </r>
       <r>    5.0086    1.0000 </r>
       <r>    5.0086    1.0000 </r>
       <r>    5.0086    1.0000 </r>
       <r>    6.2404    0.0000 </r>
       <r>    6.6406    0.0000 </r>
       <r>    6.9428    0.0000 </r>
       <r>    7.4271    0.0000 </r>
       <r>    7.4271    0.0000 </r>
       <r>    7.4271    0.0000 </r>
       <r>    7.4271    0.0000 </r>
       <r>    7.4509    0.0000 </r>
       <r>    7.4509    0.0000 </r>
       <r>    7.4509    0.0000 </r>
       <r>    7.4509    0.0000 </r>
       <r>    7.6507    0.0000 </r>
       <r>    7.6507    0.0000 </r>
       <r>    7.6507    0.0000 </r>
       <r>    7.6507    0.0000 </r>
       <r>    7.7288    0.0000 </r>
       <r>    7.7852    0.0000 </r>
       <r>    7.7852    0.0000 </r>
       <r>    7.7852    0.0000 </r>
       <r>    7.7852    0.0000 </r>
       <r>    8.2807    0.0000 </r>
       <r>    8.2807    0.0000 </r>
       <r>    8.2807    0.0000 </r>
       <r>    8.2807    0.0000 </r>
       <r>    8.4576    0.0000 </r>
       <r>    8.4576    0.0000 </r>
       <r>    8.4576    0.0000 </r>
       <r>    8.4576    0.0000 </r>
       <r>    8.6383    0.0000 </r>
       <r>    8.6383    0.0000 </r>
       <r>    8.6383    0.0000 </r>
       <r>    8.6383    0.0000 </r>
       <r>    8.9983    0.0000 </r>
       <r>    8.9983    0.0000 </r>
       <r>    8.9983    0.0000 </r>
       <r>    8.9983    0.0000 </r>
       <r>    9.0946    0.0000 </r>
       <r>    9.0946    0.0000 </r>
       <r>    9.1091    0.0000 </r>
       <r>    9.1091    0.0000 </r>
       <r>    9.1091    0.0000 </r>
       <r>    9.1091    0.0000 </r>
       <r>    9.1598    0.0000 </r>
       <r>    9.2697    0.0000 </r>
       <r>    9.2697    0.0000 </r>
       <r>    9.2697    0.0000 </r>
       <r>    9.2697    0.0000 </r>
       <r>    9.3847    0.0000 </r>
       <r>    9.3847    0.0000 </r>
       <r>    9.3847    0.0000 </r>
       <r>    9.3847    0.0000 </r>
       <r>    9.6169    0.0000 </r>
      </set>
      <set comment="kpoint 4">
       <r>   -5.7774    1.0000 </r>
       <r>   -5.6205    1.0000 </r>
       <r>   -5.6205    1.0000 </r>
       <r>   -5.1594    1.0000 </r>
       <r>   -5.1594    1.0000 </r>
       <r>   -4.5833    1.0000 </r>
       <r>   -4.4386    1.0000 </r>
       <r>   -4.4386    1.0000 </r>
       <r>   -4.4386    1.0000 </r>
       <r>   -4.4386    1.0000 </r>
       <r>   -4.0146    1.0000 </r>
       <r>   -4.0146    1.0000 </r>
       <r>   -3.7973    1.0000 </r>
       <r>   -3.7973    1.0000 </r>
       <r>   -3.6615    1.0000 </r>
       <r>   -3.6615    1.0000 </r>
       <r>   -3.6615    1.0000 </r>
       <r>   -3.6615    1.0000 </r>
       <r>   -3.3487    1.0000 </r>
       <r>   -3.3487    1.0000 </r>
       <r>   -3.3487    1.0000 </r>
       <r>   -3.3487    1.0000 </r>
       <r>   -2.8271    1.0000 </r>
       <r>   -2.8271    1.0000 </r>
       <r>   -2.5596    1.0000 </r>
       <r>   -2.5596    1.0000 </r>
       <r>   -2.1836    1.0000 </r>
       <r>   -2.0138    1.0000 </r>
       <r>   -1.4181    1.0000 </r>
       <r>   -1.4181    1.0000 </r>
       <r>   -1.2733    1.0000 </r>
       <r>   -1.2733    1.0000 </r>
       <r>   -1.1585    1.0000 </r>
       <r>   -1.1585    1.0000 </r>
       <r>   -0.8764    1.0000 </r>
       <r>   -0.8764    1.0000 </r>
       <r>   -0.8764    1.0000 </r>
       <r>   -0.8764    1.0000 </r>
       <r>   -0.7326    1.0000 </r>
       <r>   -0.7326    1.0000 </r>
       <r>   -0.7326    1.0000 </r>
       <r>   -0.7326    1.0000 </r>
       <r>   -0.1584    1.0000 </r>
       <r>   -0.1584    1.0000 </r>
       <r>    0.3824    1.0000 </r>
       <r>    0.3824    1.0000 </r>
       <r>    0.3824    1.0000 </r>
       <r>    0.3824    1.0000 </r>
       <r>    0.7092    1.0000 </r>
       <r>    1.6563    1.0000 </r>
       <r>    1.6563    1.0000 </r>
       <r>    1.8440    1.0000 </r>
       <r>    1.8440    1.0000 </r>
       <r>    1.9519    1.0000 </r>
       <r>    1.9519    1.0000 </r>
       <r>    1.9519    1.0000 </r>
       <r>    1.9519    1.0000 </r>
       <r>    2.2737    1.0000 </r>
       <r>    2.2856    1.0000 </r>
       <r>    2.2856    1.0000 </r>
       <r>    2.3224    1.0000 </r>
       <r>    2.3224    1.0000 </r>
       <r>    2.3337    1.0000 </r>
       <r>    2.5037    1.0000 </r>
       <r>    2.5037    1.0000 </r>
       <r>    2.5037    1.0000 </r>
       <r>    2.5037    1.0000 </r>
       <r>    2.5291    1.0000 </r>
       <r>    2.5291    1.0000 </r>
       <r>    2.6345    1.0000 </r>
       <r>    2.6345    1.0000 </r>
       <r>    2.6990    1.0000 </r>
       <r>    2.6990    1.0000 </r>
       <r>    2.6990    1.0000 </r>
       <r>    2.6990    1.0000 </r>
       <r>    2.8331    1.0000 </r>
       <r>    2.8331    1.0000 </r>
       <r>    2.9076    1.0000 </r>
       <r>    2.9817    1.0000 </r>
       <r>    2.9817    1.0000 </r>
       <r>    2.9817    1.0000 </r>
       <r>    2.9817    1.0000 </r>
       <r>    3.3004    1.0000 </r>
       <r>    3.3015    1.0000 </r>
       <r>    3.3015    1.0000 </r>
       <r>    3.4368    1.0000 </r>
       <r>    3.4368    1.0000 </r>
       <r>    3.5468    1.0000 </r>
       <r>    3.5468    1.0000 </r>
       <r>    3.7310    1.0000 </r>
       <r>    3.7310    1.0000 </r>
       <r>    3.7310    1.0000 </r>
       <r>    3.7310    1.0000 </r>
       <r>    4.0456    1.0000 </r>
       <r>    4.0456    1.0000 </r>
       <r>    4.0456    1.0000 </r>
       <r>    4.0456    1.0000 </r>
       <r>    4.2441    1.0000 </r>
       <r>    4.2441    1.0000 </r>
       <r>    4.2846    1.0000 </r>
       <r>    4.4719    1.0000 </r>
       <r>    4.4719    1.0000 </r>
       <r>    4.4918    1.0000 </r>
       <r>    4.4918    1.0000 </r>
       <r>    4.5821    1.0000 </r>
       <r>    4.6174    1.0000 </r>
       <r>    4.6174    1.0000 </r>
       <r>    5.3952    1.0000 </r>
       <r>    6.4661    0.0000 </r>
       <r>    7.2806    0.0000 </r>
       <r>    7.2811    0.0000 </r>
       <r>    7.2811    0.0000 </r>
       <r>    7.2834    0.0000 </r>
       <r>    7.2834    0.0000 </r>
       <r>    7.5958    0.0000 </r>
       <r>    7.5958    0.0000 </r>
       <r>    7.7819    0.0000 </r>
       <r>    7.7819    0.0000 </r>
       <r>    7.8143    0.0000 </r>
       <r>    7.8143    0.0000 </r>
       <r>    7.8532    0.0000 </r>
       <r>    7.8532    0.0000 </r>
       <r>    7.8532    0.0000 </r>
       <r>    7.8532    0.0000 </r>
       <r>    7.9931    0.0000 </r>
       <r>    7.9931    0.0000 </r>
       <r>    8.3103    0.0000 </r>
       <r>    8.3714    0.0000 </r>
       <r>    8.3714    0.0000 </r>
       <r>    8.3714    0.0000 </r>
       <r>    8.3714    0.0000 </r>
       <r>    8.4541    0.0000 </r>
       <r>    8.4541    0.0000 </r>
       <r>    8.4541    0.0000 </r>
       <r>    8.4541    0.0000 </r>
       <r>    8.5570    0.0000 </r>
       <r>    8.6107    0.0000 </r>
       <r>    8.8099    0.0000 </r>
       <r>    8.8152    0.0000 </r>
       <r>    8.8152    0.0000 </r>
       <r>    8.8152    0.0000 </r>
       <r>    8.8152    0.0000 </r>
       <r>    9.0285    0.0000 </r>
       <r>    9.0285    0.0000 </r>
       <r>    9.0813    0.0000 </r>
       <r>    9.0813    0.0000 </r>
       <r>    9.1916    0.0000 </r>
       <r>    9.1916    0.0000 </r>
       <r>    9.1916    0.0000 </r>
       <r>    9.1916    0.0000 </r>
       <r>    9.3639    0.0000 </r>
       <r>    9.3639    0.0000 </r>
       <r>    9.4524    0.0000 </r>
       <r>    9.4527    0.0000 </r>
       <r>    9.4542    0.0000 </r>
       <r>    9.4547    0.0000 </r>
       <r>    9.5364    0.0000 </r>
       <r>    9.5364    0.0000 </r>
       <r>    9.5381    0.0000 </r>
       <r>    9.5651    0.0000 </r>
      </set>
     </set>
    </set>
   </array>
  </eigenvalues>
  <separator name="orbital magnetization" >
   <v name="MAGDIPOLOUT">      0.00000000      0.00000000      0.00000000</v>
  </separator>
  <dos>
   <i name="efermi">      5.70966631 </i>
   <total>
    <array>
     <dimension dim="1">gridpoints</dimension>
     <dimension dim="2">spin</dimension>
     <field>energy</field>
     <field>total</field>
     <field>integrated</field>
     <set>
      <set comment="spin 1">
       <r>    -7.0033     0.0000     0.0000 </r>
       <r>    -6.9442     0.0000     0.0000 </r>
       <r>    -6.8851     0.0000     0.0000 </r>
       <r>    -6.8261     0.0000     0.0000 </r>
       <r>    -6.7670     0.0000     0.0000 </r>
       <r>    -6.7080     0.0000     0.0000 </r>
       <r>    -6.6489     0.0000     0.0000 </r>
       <r>    -6.5898     0.0000     0.0000 </r>
       <r>    -6.5308     0.0000     0.0000 </r>
       <r>    -6.4717     0.0000     0.0000 </r>
       <r>    -6.4126     0.0000     0.0000 </r>
       <r>    -6.3536     0.0000     0.0000 </r>
       <r>    -6.2945     0.0000     0.0000 </r>
       <r>    -6.2355     0.0049     0.0003 </r>
       <r>    -6.1764     1.1685     0.0693 </r>
       <r>    -6.1173     0.0808     0.0741 </r>
       <r>    -6.0583     0.8980     0.1271 </r>
       <r>    -5.9992    10.4214     0.7426 </r>
       <r>    -5.9402     6.2348     1.1108 </r>
       <r>    -5.8811     0.0045     1.1111 </r>
       <r>    -5.8220     0.0120     1.1118 </r>
       <r>    -5.7630    12.7241     1.8633 </r>
       <r>    -5.7039     2.3141     2.0000 </r>
       <r>    -5.6449     1.2812     2.0757 </r>
       <r>    -5.5858    30.5319     3.8789 </r>
       <r>    -5.5267     8.3163     4.3701 </r>
       <r>    -5.4677     0.0048     4.3704 </r>
       <r>    -5.4086     0.0008     4.3704 </r>
       <r>    -5.3495     5.1050     4.6719 </r>
       <r>    -5.2905     2.4194     4.8148 </r>
       <r>    -5.2314     5.4059     5.1341 </r>
       <r>    -5.1724    30.0895     6.9112 </r>
       <r>    -5.1133    24.6891     8.3694 </r>
       <r>    -5.0542     0.0168     8.3704 </r>
       <r>    -4.9952     1.6115     8.4655 </r>
       <r>    -4.9361    28.3337    10.1390 </r>
       <r>    -4.8771     0.3466    10.1594 </r>
       <r>    -4.8180    11.8001    10.8564 </r>
       <r>    -4.7589    28.0408    12.5125 </r>
       <r>    -4.6999     0.1020    12.5185 </r>
       <r>    -4.6408     0.0004    12.5185 </r>
       <r>    -4.5817     8.1872    13.0021 </r>
       <r>    -4.5227     6.8626    13.4074 </r>
       <r>    -4.4636     3.1371    13.5927 </r>
       <r>    -4.4046    86.3169    18.6907 </r>
       <r>    -4.3455     1.6518    18.7882 </r>
       <r>    -4.2864     6.7086    19.1844 </r>
       <r>    -4.2274     0.0128    19.1852 </r>
       <r>    -4.1683    18.9144    20.3023 </r>
       <r>    -4.1093    41.3801    22.7463 </r>
       <r>    -4.0502     9.8034    23.3253 </r>
       <r>    -3.9911    28.7673    25.0243 </r>
       <r>    -3.9321     1.4700    25.1111 </r>
       <r>    -3.8730     0.0000    25.1111 </r>
       <r>    -3.8140     3.7978    25.3354 </r>
       <r>    -3.7549    54.9664    28.5818 </r>
       <r>    -3.6958     5.1387    28.8853 </r>
       <r>    -3.6368    84.3988    33.8700 </r>
       <r>    -3.5777    31.2187    35.7138 </r>
       <r>    -3.5186     1.0831    35.7778 </r>
       <r>    -3.4596     0.0000    35.7778 </r>
       <r>    -3.4005     1.5021    35.8665 </r>
       <r>    -3.3415    70.2933    40.0181 </r>
       <r>    -3.2824    18.5063    41.1111 </r>
       <r>    -3.2233     0.0001    41.1111 </r>
       <r>    -3.1643     0.0000    41.1111 </r>
       <r>    -3.1052     0.0000    41.1111 </r>
       <r>    -3.0462     0.0174    41.1121 </r>
       <r>    -2.9871    54.0602    44.3050 </r>
       <r>    -2.9280    27.1267    45.9071 </r>
       <r>    -2.8690     1.6700    46.0058 </r>
       <r>    -2.8099    53.5418    49.1680 </r>
       <r>    -2.7509     6.5617    49.5556 </r>
       <r>    -2.6918     0.0000    49.5556 </r>
       <r>    -2.6327     0.0000    49.5556 </r>
       <r>    -2.5737     4.8317    49.8409 </r>
       <r>    -2.5146    25.2470    51.3320 </r>
       <r>    -2.4555     0.0219    51.3333 </r>
       <r>    -2.3965     0.0000    51.3333 </r>
       <r>    -2.3374     2.9370    51.5068 </r>
       <r>    -2.2784    27.1039    53.1076 </r>
       <r>    -2.2193     0.1476    53.1163 </r>
       <r>    -2.1602    14.2248    53.9564 </r>
       <r>    -2.1012     0.7376    54.0000 </r>
       <r>    -2.0421     0.3420    54.0202 </r>
       <r>    -1.9831    14.4857    54.8757 </r>
       <r>    -1.9240     0.2225    54.8889 </r>
       <r>    -1.8649     0.0000    54.8889 </r>
       <r>    -1.8059     0.0000    54.8889 </r>
       <r>    -1.7468     1.7172    54.9903 </r>
       <r>    -1.6878    28.2415    56.6583 </r>
       <r>    -1.6287     0.1419    56.6667 </r>
       <r>    -1.5696     0.0000    56.6667 </r>
       <r>    -1.5106     0.0000    56.6667 </r>
       <r>    -1.4515     0.2737    56.6828 </r>
       <r>    -1.3924    28.7792    58.3826 </r>
       <r>    -1.3334     1.0604    58.4452 </r>
       <r>    -1.2743    38.8339    60.7388 </r>
       <r>    -1.2153    28.8634    62.4435 </r>
       <r>    -1.1562    31.8745    64.3260 </r>
       <r>    -1.0971    67.6918    68.3240 </r>
       <r>    -1.0381    36.6896    70.4909 </r>
       <r>    -0.9790     9.2231    71.0356 </r>
       <r>    -0.9200     0.0858    71.0407 </r>
       <r>    -0.8609    51.9218    74.1073 </r>
       <r>    -0.8018     8.2171    74.5926 </r>
       <r>    -0.7428    14.2401    75.4336 </r>
       <r>    -0.6837    45.9447    78.1472 </r>
       <r>    -0.6246     1.3699    78.2281 </r>
       <r>    -0.5656    28.5526    79.9144 </r>
       <r>    -0.5065    20.5769    81.1297 </r>
       <r>    -0.4475     9.7728    81.7069 </r>
       <r>    -0.3884    27.8642    83.3526 </r>
       <r>    -0.3293    31.9538    85.2399 </r>
       <r>    -0.2703     0.3285    85.2593 </r>
       <r>    -0.2112     0.0028    85.2594 </r>
       <r>    -0.1522    23.2845    86.6346 </r>
       <r>    -0.0931    36.8598    88.8116 </r>
       <r>    -0.0340     0.0541    88.8148 </r>
       <r>     0.0250     0.0000    88.8148 </r>
       <r>     0.0841     0.0000    88.8148 </r>
       <r>     0.1431     0.0000    88.8148 </r>
       <r>     0.2022     0.0000    88.8148 </r>
       <r>     0.2613     0.0000    88.8148 </r>
       <r>     0.3203     7.2396    89.2424 </r>
       <r>     0.3794    57.7821    92.6551 </r>
       <r>     0.4385    35.3113    94.7406 </r>
       <r>     0.4975     0.0022    94.7407 </r>
       <r>     0.5566     0.0000    94.7407 </r>
       <r>     0.6156     1.5740    94.8337 </r>
       <r>     0.6747     6.0594    95.1916 </r>
       <r>     0.7338    14.3236    96.0375 </r>
       <r>     0.7928     0.6185    96.0741 </r>
       <r>     0.8519     0.0000    96.0741 </r>
       <r>     0.9109     0.0116    96.0748 </r>
       <r>     0.9700    23.8299    97.4822 </r>
       <r>     1.0291     6.2591    97.8519 </r>
       <r>     1.0881     0.0000    97.8519 </r>
       <r>     1.1472     0.0000    97.8519 </r>
       <r>     1.2062     0.0000    97.8519 </r>
       <r>     1.2653     3.5390    98.0609 </r>
       <r>     1.3244    40.0271   100.4249 </r>
       <r>     1.3834     1.5847   100.5185 </r>
       <r>     1.4425     0.0000   100.5185 </r>
       <r>     1.5016     0.0002   100.5185 </r>
       <r>     1.5606    23.4123   101.9013 </r>
       <r>     1.6197    82.2828   106.7610 </r>
       <r>     1.6787    70.1681   110.9052 </r>
       <r>     1.7378    31.5757   112.7701 </r>
       <r>     1.7969     3.2781   112.9637 </r>
       <r>     1.8559    24.0987   114.3870 </r>
       <r>     1.9150     6.4595   114.7685 </r>
       <r>     1.9740    84.9592   119.7863 </r>
       <r>     2.0331     4.8719   120.0741 </r>
       <r>     2.0922     0.3681   120.0958 </r>
       <r>     2.1512    28.9190   121.8038 </r>
       <r>     2.2103     1.7993   121.9101 </r>
       <r>     2.2694    18.5289   123.0044 </r>
       <r>     2.3284    61.0114   126.6078 </r>
       <r>     2.3875    19.8081   127.7777 </r>
       <r>     2.4465     0.0027   127.7779 </r>
       <r>     2.5056    34.9157   129.8400 </r>
       <r>     2.5647    83.7629   134.7872 </r>
       <r>     2.6237    65.8170   138.6744 </r>
       <r>     2.6828    41.3032   141.1138 </r>
       <r>     2.7418    52.5567   144.2179 </r>
       <r>     2.8009     0.4161   144.2425 </r>
       <r>     2.8600    32.2144   146.1451 </r>
       <r>     2.9190    24.4938   147.5917 </r>
       <r>     2.9781    27.1554   149.1955 </r>
       <r>     3.0371    36.1981   151.3334 </r>
       <r>     3.0962    54.3443   154.5431 </r>
       <r>     3.1553    35.9783   156.6680 </r>
       <r>     3.2143    25.4621   158.1718 </r>
       <r>     3.2734    29.9957   159.9434 </r>
       <r>     3.3325    64.6826   163.7637 </r>
       <r>     3.3915    33.9070   165.7662 </r>
       <r>     3.4506    51.6349   168.8159 </r>
       <r>     3.5096    13.7263   169.6266 </r>
       <r>     3.5687    63.5728   173.3812 </r>
       <r>     3.6278    12.5890   174.1248 </r>
       <r>     3.6868    69.5870   178.2347 </r>
       <r>     3.7459    92.5987   183.7036 </r>
       <r>     3.8049     8.7804   184.2222 </r>
       <r>     3.8640     0.0000   184.2222 </r>
       <r>     3.9231     0.0003   184.2222 </r>
       <r>     3.9821     8.0788   184.6994 </r>
       <r>     4.0412    30.1779   186.4817 </r>
       <r>     4.1002    78.1323   191.0963 </r>
       <r>     4.1593    49.4930   194.0194 </r>
       <r>     4.2184    30.0369   195.7934 </r>
       <r>     4.2774    38.9483   198.0938 </r>
       <r>     4.3365    15.9688   199.0369 </r>
       <r>     4.3956     0.0021   199.0370 </r>
       <r>     4.4546    10.2143   199.6403 </r>
       <r>     4.5137    75.3982   204.0934 </r>
       <r>     4.5727    25.4360   205.5957 </r>
       <r>     4.6318    55.7638   208.8892 </r>
       <r>     4.6909    16.2990   209.8518 </r>
       <r>     4.7499     0.0007   209.8519 </r>
       <r>     4.8090     0.0000   209.8519 </r>
       <r>     4.8680     0.0000   209.8519 </r>
       <r>     4.9271     0.3123   209.8703 </r>
       <r>     4.9862    34.1665   211.8882 </r>
       <r>     5.0452    30.5953   213.6952 </r>
       <r>     5.1043     0.1438   213.7037 </r>
       <r>     5.1634     0.0000   213.7037 </r>
       <r>     5.2224     0.0000   213.7037 </r>
       <r>     5.2815     0.0000   213.7037 </r>
       <r>     5.3405     0.0174   213.7047 </r>
       <r>     5.3996    26.3537   215.2612 </r>
       <r>     5.4587     8.7462   215.7778 </r>
       <r>     5.5177     0.0001   215.7778 </r>
       <r>     5.5768     0.0079   215.7782 </r>
       <r>     5.6358     3.3999   215.9790 </r>
       <r>     5.6949     0.3547   216.0000 </r>
       <r>     5.7540     0.0000   216.0000 </r>
       <r>     5.8130     0.0000   216.0000 </r>
       <r>     5.8721     0.0000   216.0000 </r>
       <r>     5.9311     0.0000   216.0000 </r>
       <r>     5.9902     0.0000   216.0000 </r>
       <r>     6.0493     0.0000   216.0000 </r>
       <r>     6.1083     0.0000   216.0000 </r>
       <r>     6.1674     0.0000   216.0000 </r>
       <r>     6.2265     1.2242   216.0723 </r>
       <r>     6.2855     6.2957   216.4441 </r>
       <r>     6.3446     0.1135   216.4508 </r>
       <r>     6.4036     7.2415   216.8785 </r>
       <r>     6.4627     6.2541   217.2479 </r>
       <r>     6.5218     8.9710   217.7777 </r>
       <r>     6.5808     0.1295   217.7854 </r>
       <r>     6.6399    31.7457   219.6603 </r>
       <r>     6.6989     5.7511   220.0000 </r>
       <r>     6.7580     0.0011   220.0001 </r>
       <r>     6.8171    17.2258   221.0174 </r>
       <r>     6.8761    12.8736   221.7778 </r>
       <r>     6.9352     2.2129   221.9085 </r>
       <r>     6.9942     5.3113   222.2222 </r>
       <r>     7.0533     0.0405   222.2246 </r>
       <r>     7.1124    32.1580   224.1238 </r>
       <r>     7.1714     8.0700   224.6005 </r>
       <r>     7.2305    14.3932   225.4505 </r>
       <r>     7.2896    54.2781   228.6563 </r>
       <r>     7.3486    31.4979   230.5166 </r>
       <r>     7.4077     2.6278   230.6718 </r>
       <r>     7.4667    53.5927   233.8370 </r>
       <r>     7.5258     4.0134   234.0741 </r>
       <r>     7.5849     6.6097   234.4645 </r>
       <r>     7.6439    38.1030   236.7149 </r>
       <r>     7.7030    61.4890   240.3465 </r>
       <r>     7.7620    13.1469   241.1229 </r>
       <r>     7.8211   104.9958   247.3241 </r>
       <r>     7.8802    70.0908   251.4638 </r>
       <r>     7.9392    31.9364   253.3500 </r>
       <r>     7.9983    49.0363   256.2461 </r>
       <r>     8.0573    10.8854   256.8890 </r>
       <r>     8.1164    10.6356   257.5172 </r>
       <r>     8.1755    61.3072   261.1380 </r>
       <r>     8.2345     2.0688   261.2602 </r>
       <r>     8.2936    26.4250   262.8209 </r>
       <r>     8.3527    24.2814   264.2550 </r>
       <r>     8.4117    54.5994   267.4797 </r>
       <r>     8.4708    77.9150   272.0815 </r>
       <r>     8.5298    29.5087   273.8243 </r>
       <r>     8.5889    18.7792   274.9334 </r>
       <r>     8.6480    36.8802   277.1116 </r>
       <r>     8.7070     7.5176   277.5556 </r>
       <r>     8.7661     2.4440   277.7000 </r>
       <r>     8.8251    87.3755   282.8605 </r>
       <r>     8.8842    16.7858   283.8518 </r>
       <r>     8.9433     0.0105   283.8525 </r>
       <r>     9.0023    35.5840   285.9541 </r>
       <r>     9.0614    72.5122   290.2368 </r>
       <r>     9.1205   100.6111   296.1790 </r>
       <r>     9.1795    35.7813   298.2923 </r>
       <r>     9.2386    58.8722   301.7693 </r>
       <r>     9.2976    80.1237   306.5015 </r>
       <r>     9.3567    39.6537   308.8435 </r>
       <r>     9.4158    50.7443   311.8405 </r>
       <r>     9.4748    56.4125   315.1723 </r>
       <r>     9.5339    22.8995   316.5248 </r>
       <r>     9.5929    41.2522   318.9612 </r>
       <r>     9.6520     7.5057   319.4045 </r>
       <r>     9.7111     0.0490   319.4074 </r>
       <r>     9.7701     0.0000   319.4074 </r>
       <r>     9.8292     0.0000   319.4074 </r>
       <r>     9.8882     0.6464   319.4456 </r>
       <r>     9.9473     9.3476   319.9977 </r>
       <r>    10.0064     0.0395   320.0000 </r>
       <r>    10.0654     0.0000   320.0000 </r>
       <r>    10.1245     0.0000   320.0000 </r>
       <r>    10.1836     0.0000   320.0000 </r>
       <r>    10.2426     0.0000   320.0000 </r>
       <r>    10.3017     0.0000   320.0000 </r>
       <r>    10.3607     0.0000   320.0000 </r>
       <r>    10.4198     0.0000   320.0000 </r>
       <r>    10.4789     0.0000   320.0000 </r>
       <r>    10.5379     0.0000   320.0000 </r>
       <r>    10.5970     0.0000   320.0000 </r>
       <r>    10.6560     0.0000   320.0000 </r>
       <r>    10.7151     0.0000   320.0000 </r>
      </set>
     </set>
    </array>
   </total>
  </dos>
 </calculation>
 <structure name="finalpos" >
  <crystal>
   <varray name="basis" >
    <v>       0.00000000       8.20291477       8.20291477 </v>
    <v>       8.20291477       0.00000000       8.20291477 </v>
    <v>       8.20291477       8.20291477       0.00000000 </v>
   </varray>
   <i name="volume">   1103.91235368 </i>
   <varray name="rec_basis" >
    <v>      -0.06095394       0.06095394       0.06095394 </v>
    <v>       0.06095394      -0.06095394       0.06095394 </v>
    <v>       0.06095394       0.06095394      -0.06095394 </v>
   </varray>
  </crystal>
  <varray name="positions" >
   <v>       0.16666667       0.16666667       0.16666667 </v>
   <v>       0.50000000       0.16666667       0.16666667 </v>
   <v>       0.83333333       0.16666667       0.16666667 </v>
   <v>       0.16666667       0.50000000       0.16666667 </v>
   <v>       0.50000000       0.50000000       0.16666667 </v>
   <v>       0.83333333       0.50000000       0.16666667 </v>
   <v>       0.16666667       0.83333333       0.16666667 </v>
   <v>       0.50000000       0.83333333       0.16666667 </v>
   <v>       0.83333333       0.83333333       0.16666667 </v>
   <v>       0.16666667       0.16666667       0.50000000 </v>
   <v>       0.50000000       0.16666667       0.50000000 </v>
   <v>       0.83333333       0.16666667       0.50000000 </v>
   <v>       0.16666667       0.50000000       0.50000000 </v>
   <v>       0.50000000       0.50000000       0.50000000 </v>
   <v>       0.83333333       0.50000000       0.50000000 </v>
   <v>       0.16666667       0.83333333       0.50000000 </v>
   <v>       0.50000000       0.83333333       0.50000000 </v>
   <v>       0.83333333       0.83333333       0.50000000 </v>
   <v>       0.16666667       0.16666667       0.83333333 </v>
   <v>       0.50000000       0.16666667       0.83333333 </v>
   <v>       0.83333333       0.16666667       0.83333333 </v>
   <v>       0.16666667       0.50000000       0.83333333 </v>
   <v>       0.50000000       0.50000000       0.83333333 </v>
   <v>       0.83333333       0.50000000       0.83333333 </v>
   <v>       0.16666667       0.83333333       0.83333333 </v>
   <v>       0.50000000       0.83333333       0.83333333 </v>
   <v>       0.83333333       0.83333333       0.83333333 </v>
   <v>       0.25000000       0.25000000       0.25000000 </v>
   <v>       0.58333333       0.25000000       0.25000000 </v>
   <v>       0.91666667       0.25000000       0.25000000 </v>
   <v>       0.25000000       0.58333333       0.25000000 </v>
   <v>       0.58333333       0.58333333       0.25000000 </v>
   <v>       0.91666667       0.58333333       0.25000000 </v>
   <v>       0.25000000       0.91666667       0.25000000 </v>
   <v>       0.58333333       0.91666667       0.25000000 </v>
   <v>       0.91666667       0.91666667       0.25000000 </v>
   <v>       0.25000000       0.25000000       0.58333333 </v>
   <v>       0.58333333       0.25000000       0.58333333 </v>
   <v>       0.91666667       0.25000000       0.58333333 </v>
   <v>       0.25000000       0.58333333       0.58333333 </v>
   <v>       0.58333333       0.58333333       0.58333333 </v>
   <v>       0.91666667       0.58333333       0.58333333 </v>
   <v>       0.25000000       0.91666667       0.58333333 </v>
   <v>       0.58333333       0.91666667       0.58333333 </v>
   <v>       0.91666667       0.91666667       0.58333333 </v>
   <v>       0.25000000       0.25000000       0.91666667 </v>
   <v>       0.58333333       0.25000000       0.91666667 </v>
   <v>       0.91666667       0.25000000       0.91666667 </v>
   <v>       0.25000000       0.58333333       0.91666667 </v>
   <v>       0.58333333       0.58333333       0.91666667 </v>
   <v>       0.91666667       0.58333333       0.91666667 </v>
   <v>       0.25000000       0.91666667       0.91666667 </v>
   <v>       0.58333333       0.91666667       0.91666667 </v>
   <v>       0.91666667       0.91666667       0.91666667 </v>
  </varray>
 </structure>
</modeling>
