<?xml version="1.0" encoding="ISO-8859-1"?>
<modeling>
 <generator>
  <i name="program" type="string">vasp </i>
  <i name="version" type="string">5.4.4.18Apr17-6-g9f103f2a35  </i>
  <i name="subversion" type="string">(build Jul 28 2020 17:26:52) complex            parallel </i>
  <i name="platform" type="string">LinuxIFC </i>
  <i name="date" type="string">2020 08 01 </i>
  <i name="time" type="string">14:22:28 </i>
 </generator>
 <incar>
  <i type="string" name="SYSTEM"> Si-I</i>
  <i type="int" name="ISTART">     0</i>
  <i type="string" name="PREC">a</i>
  <i type="string" name="ALGO"> Normal</i>
  <i type="int" name="NSIM">     4</i>
  <i type="int" name="ICHARG">     2</i>
  <i type="int" name="NELM">    80</i>
  <i type="int" name="NELMIN">     4</i>
  <i type="int" name="IBRION">     2</i>
  <i name="EDIFF">      0.00000100</i>
  <i name="EDIFFG">     -0.00100000</i>
  <i type="int" name="NSW">   120</i>
  <i type="int" name="ISIF">     3</i>
  <i name="ENCUT">    600.00000000</i>
  <i name="POTIM">      0.50000000</i>
  <i type="logical" name="LREAL"> F  </i>
  <i type="int" name="ISMEAR">     0</i>
  <i name="SIGMA">      0.02000000</i>
  <i type="logical" name="LWAVE"> F  </i>
  <i type="logical" name="LCHARG"> F  </i>
  <i type="logical" name="LELF"> F  </i>
  <v type="int" name="KPOINT_BSE">    -1     0     0     0</v>
  <i type="int" name="NELM">    80</i>
  <i type="string" name="GGA">PE</i>
 </incar>
 <structure name="primitive_cell" >
  <crystal>
   <varray name="basis" >
    <v>       0.00000000       2.71811408       2.71811408 </v>
    <v>       2.71811408       0.00000000       2.71811408 </v>
    <v>       2.71811408       2.71811408       0.00000000 </v>
   </varray>
   <i name="volume">     40.16363733 </i>
   <varray name="rec_basis" >
    <v>      -0.18395107       0.18395107       0.18395107 </v>
    <v>       0.18395107      -0.18395107       0.18395107 </v>
    <v>       0.18395107       0.18395107      -0.18395107 </v>
   </varray>
  </crystal>
  <varray name="positions" >
   <v>      -0.50000000      -0.50000000      -0.50000000 </v>
   <v>      -0.25000000      -0.25000000      -0.25000000 </v>
  </varray>
 </structure>
 <varray name="primitive_index" >
  <v type="int" >        1 </v>
  <v type="int" >        2 </v>
 </varray>
 <kpoints>
  <generation param="Gamma">
   <v type="int" name="divisions">       9        9        9 </v>
   <v name="usershift">      0.00000000       0.00000000       0.00000000 </v>
   <v name="genvec1">      0.11111111       0.00000000       0.00000000 </v>
   <v name="genvec2">      0.00000000       0.11111111       0.00000000 </v>
   <v name="genvec3">      0.00000000       0.00000000       0.11111111 </v>
   <v name="shift">      0.00000000       0.00000000       0.00000000 </v>
  </generation>
  <varray name="kpointlist" >
   <v>       0.00000000       0.00000000       0.00000000 </v>
   <v>       0.11111111       0.00000000       0.00000000 </v>
   <v>       0.22222222       0.00000000       0.00000000 </v>
   <v>       0.33333333       0.00000000       0.00000000 </v>
   <v>       0.44444444       0.00000000       0.00000000 </v>
   <v>       0.11111111       0.11111111       0.00000000 </v>
   <v>       0.22222222       0.11111111       0.00000000 </v>
   <v>       0.33333333       0.11111111       0.00000000 </v>
   <v>       0.44444444       0.11111111       0.00000000 </v>
   <v>      -0.44444444       0.11111111       0.00000000 </v>
   <v>      -0.33333333       0.11111111       0.00000000 </v>
   <v>      -0.22222222       0.11111111       0.00000000 </v>
   <v>      -0.11111111       0.11111111       0.00000000 </v>
   <v>       0.22222222       0.22222222       0.00000000 </v>
   <v>       0.33333333       0.22222222       0.00000000 </v>
   <v>       0.44444444       0.22222222       0.00000000 </v>
   <v>      -0.44444444       0.22222222       0.00000000 </v>
   <v>      -0.33333333       0.22222222       0.00000000 </v>
   <v>      -0.22222222       0.22222222       0.00000000 </v>
   <v>       0.33333333       0.33333333       0.00000000 </v>
   <v>       0.44444444       0.33333333       0.00000000 </v>
   <v>      -0.44444444       0.33333333       0.00000000 </v>
   <v>      -0.33333333       0.33333333       0.00000000 </v>
   <v>       0.44444444       0.44444444       0.00000000 </v>
   <v>      -0.44444444       0.44444444       0.00000000 </v>
   <v>       0.33333333       0.22222222       0.11111111 </v>
   <v>       0.44444444       0.22222222       0.11111111 </v>
   <v>      -0.44444444       0.22222222       0.11111111 </v>
   <v>       0.44444444       0.33333333       0.11111111 </v>
   <v>      -0.44444444       0.33333333       0.11111111 </v>
   <v>      -0.33333333       0.33333333       0.11111111 </v>
   <v>      -0.22222222       0.33333333       0.11111111 </v>
   <v>      -0.44444444       0.44444444       0.11111111 </v>
   <v>      -0.33333333       0.44444444       0.11111111 </v>
   <v>      -0.33333333       0.44444444       0.22222222 </v>
  </varray>
  <varray name="weights" >
   <v>       0.00137174 </v>
   <v>       0.01097394 </v>
   <v>       0.01097394 </v>
   <v>       0.01097394 </v>
   <v>       0.01097394 </v>
   <v>       0.00823045 </v>
   <v>       0.03292181 </v>
   <v>       0.03292181 </v>
   <v>       0.03292181 </v>
   <v>       0.03292181 </v>
   <v>       0.03292181 </v>
   <v>       0.03292181 </v>
   <v>       0.01646091 </v>
   <v>       0.00823045 </v>
   <v>       0.03292181 </v>
   <v>       0.03292181 </v>
   <v>       0.03292181 </v>
   <v>       0.03292181 </v>
   <v>       0.01646091 </v>
   <v>       0.00823045 </v>
   <v>       0.03292181 </v>
   <v>       0.03292181 </v>
   <v>       0.01646091 </v>
   <v>       0.00823045 </v>
   <v>       0.01646091 </v>
   <v>       0.03292181 </v>
   <v>       0.06584362 </v>
   <v>       0.06584362 </v>
   <v>       0.03292181 </v>
   <v>       0.06584362 </v>
   <v>       0.06584362 </v>
   <v>       0.03292181 </v>
   <v>       0.03292181 </v>
   <v>       0.03292181 </v>
   <v>       0.03292181 </v>
  </varray>
 </kpoints>
 <parameters>
  <separator name="general" >
   <i type="string" name="SYSTEM">Si-I</i>
   <i type="logical" name="LCOMPAT"> F  </i>
  </separator>
  <separator name="electronic" >
   <i type="string" name="PREC">a</i>
   <i name="ENMAX">    600.00000000</i>
   <i name="ENAUG">    322.06900000</i>
   <i name="EDIFF">      0.00000100</i>
   <i type="int" name="IALGO">    38</i>
   <i type="int" name="IWAVPR">    11</i>
   <i type="int" name="NBANDS">     8</i>
   <i name="NELECT">      8.00000000</i>
   <i type="int" name="TURBO">     0</i>
   <i type="int" name="IRESTART">     0</i>
   <i type="int" name="NREBOOT">     0</i>
   <i type="int" name="NMIN">     0</i>
   <i name="EREF">      0.00000000</i>
   <separator name="electronic smearing" >
    <i type="int" name="ISMEAR">     0</i>
    <i name="SIGMA">      0.02000000</i>
    <i name="KSPACING">      0.50000000</i>
    <i type="logical" name="KGAMMA"> T  </i>
   </separator>
   <separator name="electronic projectors" >
    <i type="logical" name="LREAL"> F  </i>
    <v name="ROPT">      0.00000000</v>
    <i type="int" name="LMAXPAW">  -100</i>
    <i type="int" name="LMAXMIX">     2</i>
    <i type="logical" name="NLSPLINE"> F  </i>
   </separator>
   <separator name="electronic startup" >
    <i type="int" name="ISTART">     0</i>
    <i type="int" name="ICHARG">     2</i>
    <i type="int" name="INIWAV">     1</i>
   </separator>
   <separator name="electronic spin" >
    <i type="int" name="ISPIN">     1</i>
    <i type="logical" name="LNONCOLLINEAR"> F  </i>
    <v name="MAGMOM">      1.00000000      1.00000000</v>
    <i name="NUPDOWN">     -1.00000000</i>
    <i type="logical" name="LSORBIT"> F  </i>
    <v name="SAXIS">      0.00000000      0.00000000      1.00000000</v>
    <i type="logical" name="LSPIRAL"> F  </i>
    <v name="QSPIRAL">      0.00000000      0.00000000      0.00000000</v>
    <i type="logical" name="LZEROZ"> F  </i>
   </separator>
   <separator name="electronic exchange-correlation" >
    <i type="logical" name="LASPH"> F  </i>
    <i type="logical" name="LMETAGGA"> F  </i>
   </separator>
   <separator name="electronic convergence" >
    <i type="int" name="NELM">    80</i>
    <i type="int" name="NELMDL">    -5</i>
    <i type="int" name="NELMIN">     4</i>
    <i name="ENINI">    600.00000000</i>
    <separator name="electronic convergence detail" >
     <i type="logical" name="LDIAG"> T  </i>
     <i type="logical" name="LSUBROT"> F  </i>
     <i name="WEIMIN">      0.00100000</i>
     <i name="EBREAK">      0.00000003</i>
     <i name="DEPER">      0.30000000</i>
     <i type="int" name="NRMM">     4</i>
     <i name="TIME">      0.40000000</i>
    </separator>
   </separator>
   <separator name="electronic mixer" >
    <i name="AMIX">      0.40000000</i>
    <i name="BMIX">      1.00000000</i>
    <i name="AMIN">      0.10000000</i>
    <i name="AMIX_MAG">      1.60000000</i>
    <i name="BMIX_MAG">      1.00000000</i>
    <separator name="electronic mixer details" >
     <i type="int" name="IMIX">     4</i>
     <i type="logical" name="MIXFIRST"> F  </i>
     <i type="int" name="MAXMIX">   -45</i>
     <i name="WC">    100.00000000</i>
     <i type="int" name="INIMIX">     1</i>
     <i type="int" name="MIXPRE">     1</i>
     <i type="int" name="MREMOVE">     5</i>
    </separator>
   </separator>
   <separator name="electronic dipolcorrection" >
    <i type="logical" name="LDIPOL"> F  </i>
    <i type="logical" name="LMONO"> F  </i>
    <i type="int" name="IDIPOL">     0</i>
    <i name="EPSILON">      1.00000000</i>
    <v name="DIPOL">   -100.00000000   -100.00000000   -100.00000000</v>
    <i name="EFIELD">      0.00000000</i>
   </separator>
  </separator>
  <separator name="grids" >
   <i type="int" name="NGX">    32</i>
   <i type="int" name="NGY">    32</i>
   <i type="int" name="NGZ">    32</i>
   <i type="int" name="NGXF">    64</i>
   <i type="int" name="NGYF">    64</i>
   <i type="int" name="NGZF">    64</i>
   <i type="logical" name="ADDGRID"> F  </i>
  </separator>
  <separator name="ionic" >
   <i type="int" name="NSW">   120</i>
   <i type="int" name="IBRION">     2</i>
   <i type="int" name="MDALGO">     0</i>
   <i type="int" name="ISIF">     3</i>
   <i name="PSTRESS">      0.00000000</i>
   <i name="EDIFFG">     -0.00100000</i>
   <i type="int" name="NFREE">     1</i>
   <i name="POTIM">      0.50000000</i>
   <i name="SMASS">     -3.00000000</i>
   <i name="SCALEE">      1.00000000</i>
  </separator>
  <separator name="ionic md" >
   <i name="TEBEG">      0.00010000</i>
   <i name="TEEND">      0.00010000</i>
   <i type="int" name="NBLOCK">     1</i>
   <i type="int" name="KBLOCK">   120</i>
   <i type="int" name="NPACO">   256</i>
   <i name="APACO">     16.00000000</i>
  </separator>
  <separator name="symmetry" >
   <i type="int" name="ISYM">     2</i>
   <i name="SYMPREC">      0.00001000</i>
  </separator>
  <separator name="dos" >
   <i type="int" name="LORBIT">     0</i>
   <v name="RWIGS">     -1.00000000</v>
   <i type="int" name="NEDOS">   301</i>
   <i name="EMIN">     10.00000000</i>
   <i name="EMAX">    -10.00000000</i>
   <i name="EFERMI">      0.00000000</i>
  </separator>
  <separator name="writing" >
   <i type="int" name="NWRITE">     2</i>
   <i type="logical" name="LWAVE"> F  </i>
   <i type="logical" name="LDOWNSAMPLE"> F  </i>
   <i type="logical" name="LCHARG"> F  </i>
   <i type="logical" name="LPARD"> F  </i>
   <i type="logical" name="LVTOT"> F  </i>
   <i type="logical" name="LVHAR"> F  </i>
   <i type="logical" name="LELF"> F  </i>
   <i type="logical" name="LOPTICS"> F  </i>
   <v name="STM">      0.00000000      0.00000000      0.00000000      0.00000000      0.00000000      0.00000000      0.00000000</v>
  </separator>
  <separator name="performance" >
   <i type="int" name="NPAR">     4</i>
   <i type="int" name="NSIM">     4</i>
   <i type="int" name="NBLK">    -1</i>
   <i type="logical" name="LPLANE"> T  </i>
   <i type="logical" name="LSCALAPACK"> T  </i>
   <i type="logical" name="LSCAAWARE"> F  </i>
   <i type="logical" name="LSCALU"> F  </i>
   <i type="logical" name="LASYNC"> F  </i>
   <i type="logical" name="LORBITALREAL"> F  </i>
  </separator>
  <separator name="miscellaneous" >
   <i type="int" name="IDIOT">     3</i>
   <i type="int" name="ISPECIAL">     0</i>
   <i type="logical" name="LMUSIC"> F  </i>
   <v name="POMASS">     28.08500000</v>
   <v name="DARWINR">      0.00000000</v>
   <v name="DARWINV">      1.00000000</v>
   <i type="logical" name="LCORR"> T  </i>
  </separator>
  <i type="logical" name="GGA_COMPAT"> T  </i>
  <i type="logical" name="LBERRY"> F  </i>
  <i type="int" name="ICORELEVEL">     0</i>
  <i type="logical" name="LDAU"> F  </i>
  <i type="int" name="I_CONSTRAINED_M">     0</i>
  <separator name="electronic exchange-correlation" >
   <i type="string" name="GGA">PE</i>
   <i type="int" name="VOSKOWN">     0</i>
   <i type="logical" name="LHFCALC"> F  </i>
   <i type="string" name="PRECFOCK"></i>
   <i type="logical" name="LSYMGRAD"> F  </i>
   <i type="logical" name="LHFONE"> F  </i>
   <i type="logical" name="LRHFCALC"> F  </i>
   <i type="logical" name="LTHOMAS"> F  </i>
   <i type="logical" name="LMODELHF"> F  </i>
   <i name="ENCUT4O">     -1.00000000</i>
   <i type="int" name="EXXOEP">     0</i>
   <i type="int" name="FOURORBIT">     0</i>
   <i name="AEXX">      0.00000000</i>
   <i name="HFALPHA">      0.00000000</i>
   <i name="MCALPHA">      0.00000000</i>
   <i name="ALDAX">      1.00000000</i>
   <i name="AGGAX">      1.00000000</i>
   <i name="ALDAC">      1.00000000</i>
   <i name="AGGAC">      1.00000000</i>
   <i type="int" name="NKREDX">     1</i>
   <i type="int" name="NKREDY">     1</i>
   <i type="int" name="NKREDZ">     1</i>
   <i type="logical" name="SHIFTRED"> F  </i>
   <i type="logical" name="ODDONLY"> F  </i>
   <i type="logical" name="EVENONLY"> F  </i>
   <i type="int" name="LMAXFOCK">     0</i>
   <i type="int" name="NMAXFOCKAE">     0</i>
   <i type="logical" name="LFOCKAEDFT"> F  </i>
   <i name="HFSCREEN">      0.00000000</i>
   <i name="HFSCREENC">      0.00000000</i>
   <i type="int" name="NBANDSGWLOW">     0</i>
  </separator>
  <separator name="vdW DFT" >
   <i type="logical" name="LUSE_VDW"> F  </i>
   <i name="Zab_VDW">     -0.84910000</i>
   <i name="PARAM1">      0.12340000</i>
   <i name="PARAM2">      1.00000000</i>
   <i name="PARAM3">      0.00000000</i>
  </separator>
  <separator name="model GW" >
   <i type="int" name="MODEL_GW">     0</i>
   <i name="MODEL_EPS0">     12.04909120</i>
   <i name="MODEL_ALPHA">      1.00000000</i>
  </separator>
  <separator name="linear response parameters" >
   <i type="logical" name="LEPSILON"> F  </i>
   <i type="logical" name="LRPA"> F  </i>
   <i type="logical" name="LNABLA"> F  </i>
   <i type="logical" name="LVEL"> F  </i>
   <i type="int" name="KINTER">     0</i>
   <i name="CSHIFT">      0.10000000</i>
   <i name="OMEGAMAX">     -1.00000000</i>
   <i name="DEG_THRESHOLD">      0.00200000</i>
   <i name="RTIME">     -0.10000000</i>
   <i name="WPLASMAI">      0.00000000</i>
   <v name="DFIELD">      0.00000000      0.00000000      0.00000000</v>
   <v name="WPLASMA">      0.00000000      0.00000000      0.00000000      0.00000000      0.00000000      0.00000000      0.00000000      0.00000000      0.00000000</v>
  </separator>
  <separator name="orbital magnetization" >
   <i type="logical" name="NUCIND"> F  </i>
   <v name="MAGPOS">      0.00000000      0.00000000      0.00000000</v>
   <i type="logical" name="LNICSALL"> T  </i>
   <i type="logical" name="ORBITALMAG"> F  </i>
   <i type="logical" name="LMAGBLOCH"> F  </i>
   <i type="logical" name="LCHIMAG"> F  </i>
   <i type="logical" name="LGAUGE"> T  </i>
   <i type="int" name="MAGATOM">     0</i>
   <v name="MAGDIPOL">      0.00000000      0.00000000      0.00000000</v>
   <v name="AVECCONST">      0.00000000      0.00000000      0.00000000</v>
  </separator>
  <separator name="response functions" >
   <i type="logical" name="LADDER"> F  </i>
   <i type="logical" name="LRPAFORCE"> F  </i>
   <i type="logical" name="LFXC"> F  </i>
   <i type="logical" name="LHARTREE"> T  </i>
   <i type="int" name="IBSE">     0</i>
   <v type="int" name="KPOINT">    -1     0     0     0</v>
   <i type="logical" name="LTCTE"> F  </i>
   <i type="logical" name="LTETE"> F  </i>
   <i type="logical" name="LTRIPLET"> F  </i>
   <i type="logical" name="LFXCEPS"> F  </i>
   <i type="logical" name="LFXHEG"> F  </i>
   <i type="int" name="NATURALO">     2</i>
   <i type="logical" name="L2ORDER"> F  </i>
   <i type="logical" name="LMP2LT"> F  </i>
   <i type="logical" name="LUSEW"> F  </i>
   <i name="ENCUTGW">     -2.00000000</i>
   <i name="ENCUTGWSOFT">     -2.00000000</i>
   <i name="ENCUTLF">     -1.00000000</i>
   <i type="int" name="LMAXMP2">    -1</i>
   <i name="SCISSOR">      0.00000000</i>
   <i type="int" name="NOMEGA">     0</i>
   <i type="int" name="NOMEGAR">     0</i>
   <i type="int" name="NBANDSGW">    -1</i>
   <i type="int" name="NBANDSO">    -1</i>
   <i type="int" name="NBANDSV">    -1</i>
   <i type="int" name="NELM">    80</i>
   <i type="int" name="NELMHF">     1</i>
   <i type="int" name="DIM">     3</i>
   <i type="int" name="ANTIRES">     0</i>
   <i name="OMEGAMAX">    -30.00000000</i>
   <i name="OMEGAMIN">    -30.00000000</i>
   <i name="OMEGATL">   -200.00000000</i>
   <i type="int" name="OMEGAGRID">   140</i>
   <i name="CSHIFT">     -0.10000000</i>
   <i type="logical" name="SELFENERGY"> F  </i>
   <i type="logical" name="LSPECTRAL"> F  </i>
   <i type="logical" name="LSPECTRALGW"> F  </i>
   <i type="logical" name="LSINGLES"> F  </i>
   <i type="logical" name="LFERMIGW"> F  </i>
   <i type="logical" name="ODDONLYGW"> F  </i>
   <i type="logical" name="EVENONLYGW"> F  </i>
   <i type="int" name="NKREDLFX">     1</i>
   <i type="int" name="NKREDLFY">     1</i>
   <i type="int" name="NKREDLFZ">     1</i>
   <i type="int" name="MAXMEM">  2800</i>
   <i type="int" name="TELESCOPE">     0</i>
   <i type="int" name="TAUPAR">     1</i>
   <i type="int" name="OMEGAPAR">    -1</i>
   <i name="LAMBDA">      1.00000000</i>
  </separator>
  <separator name="External order field" >
   <i name="OFIELD_KAPPA">      0.00000000</i>
   <v name="OFIELD_K">      0.00000000      0.00000000      0.00000000</v>
   <i name="OFIELD_Q6_NEAR">      0.00000000</i>
   <i name="OFIELD_Q6_FAR">      0.00000000</i>
   <i name="OFIELD_A">      0.00000000</i>
  </separator>
 </parameters>
 <atominfo>
  <atoms>       2 </atoms>
  <types>       1 </types>
  <array name="atoms" >
   <dimension dim="1">ion</dimension>
   <field type="string">element</field>
   <field type="int">atomtype</field>
   <set>
    <rc><c>Si</c><c>   1</c></rc>
    <rc><c>Si</c><c>   1</c></rc>
   </set>
  </array>
  <array name="atomtypes" >
   <dimension dim="1">type</dimension>
   <field type="int">atomspertype</field>
   <field type="string">element</field>
   <field>mass</field>
   <field>valence</field>
   <field type="string">pseudopotential</field>
   <set>
    <rc><c>   2</c><c>Si</c><c>     28.08500000</c><c>      4.00000000</c><c>  PAW_PBE Si 05Jan2001                  </c></rc>
   </set>
  </array>
 </atominfo>
 <structure name="initialpos" >
  <crystal>
   <varray name="basis" >
    <v>       0.00000000       2.71811408       2.71811408 </v>
    <v>       2.71811408       0.00000000       2.71811408 </v>
    <v>       2.71811408       2.71811408       0.00000000 </v>
   </varray>
   <i name="volume">     40.16363733 </i>
   <varray name="rec_basis" >
    <v>      -0.18395107       0.18395107       0.18395107 </v>
    <v>       0.18395107      -0.18395107       0.18395107 </v>
    <v>       0.18395107       0.18395107      -0.18395107 </v>
   </varray>
  </crystal>
  <varray name="positions" >
   <v>       0.50000000       0.50000000       0.50000000 </v>
   <v>       0.75000000       0.75000000       0.75000000 </v>
  </varray>
 </structure>
 <calculation>
  <scstep>
   <time name="dav">    0.09    0.09</time>
   <time name="total">    0.14    0.14</time>
   <energy>
    <i name="alphaZ">      3.35259783 </i>
    <i name="ewald">   -228.30166494 </i>
    <i name="hartreedc">    -11.05275375 </i>
    <i name="XCdc">    -18.61537929 </i>
    <i name="pawpsdc">    176.24759923 </i>
    <i name="pawaedc">   -141.06103558 </i>
    <i name="eentropy">     -0.00026711 </i>
    <i name="bandstr">     23.79366887 </i>
    <i name="atom">    206.13311910 </i>
    <i name="e_fr_energy">     10.49588436 </i>
    <i name="e_wo_entrp">     10.49615147 </i>
    <i name="e_0_energy">     10.49601791 </i>
   </energy>
  </scstep>
  <scstep>
   <time name="dav">    0.35    0.35</time>
   <time name="total">    0.35    0.35</time>
   <energy>
    <i name="e_fr_energy">    -10.76557935 </i>
    <i name="e_wo_entrp">    -10.76557935 </i>
    <i name="e_0_energy">    -10.76557935 </i>
   </energy>
  </scstep>
  <scstep>
   <time name="dav">    0.29    0.29</time>
   <time name="total">    0.29    0.29</time>
   <energy>
    <i name="e_fr_energy">    -11.02209945 </i>
    <i name="e_wo_entrp">    -11.02209945 </i>
    <i name="e_0_energy">    -11.02209945 </i>
   </energy>
  </scstep>
  <scstep>
   <time name="dav">    0.08    0.08</time>
   <time name="total">    0.08    0.08</time>
   <energy>
    <i name="e_fr_energy">    -11.02336105 </i>
    <i name="e_wo_entrp">    -11.02336105 </i>
    <i name="e_0_energy">    -11.02336105 </i>
   </energy>
  </scstep>
  <scstep>
   <time name="dav">    0.06    0.06</time>
   <time name="total">    0.09    0.09</time>
   <energy>
    <i name="e_fr_energy">    -11.02336179 </i>
    <i name="e_wo_entrp">    -11.02336179 </i>
    <i name="e_0_energy">    -11.02336179 </i>
   </energy>
  </scstep>
  <scstep>
   <time name="dav">    0.06    0.06</time>
   <time name="total">    0.10    0.10</time>
   <energy>
    <i name="e_fr_energy">    -10.89979116 </i>
    <i name="e_wo_entrp">    -10.89979116 </i>
    <i name="e_0_energy">    -10.89979116 </i>
   </energy>
  </scstep>
  <scstep>
   <time name="dav">    0.19    0.19</time>
   <time name="total">    0.24    0.24</time>
   <energy>
    <i name="e_fr_energy">    -10.84341837 </i>
    <i name="e_wo_entrp">    -10.84341837 </i>
    <i name="e_0_energy">    -10.84341837 </i>
   </energy>
  </scstep>
  <scstep>
   <time name="dav">    0.16    0.16</time>
   <time name="total">    0.19    0.19</time>
   <energy>
    <i name="e_fr_energy">    -10.84449718 </i>
    <i name="e_wo_entrp">    -10.84449718 </i>
    <i name="e_0_energy">    -10.84449718 </i>
   </energy>
  </scstep>
  <scstep>
   <time name="dav">    0.22    0.22</time>
   <time name="total">    0.25    0.25</time>
   <energy>
    <i name="e_fr_energy">    -10.84468970 </i>
    <i name="e_wo_entrp">    -10.84468970 </i>
    <i name="e_0_energy">    -10.84468970 </i>
   </energy>
  </scstep>
  <scstep>
   <time name="dav">    0.09    0.09</time>
   <time name="total">    0.14    0.14</time>
   <energy>
    <i name="e_fr_energy">    -10.84471599 </i>
    <i name="e_wo_entrp">    -10.84471599 </i>
    <i name="e_0_energy">    -10.84471599 </i>
   </energy>
  </scstep>
  <scstep>
   <time name="dav">    0.15    0.15</time>
   <time name="total">    0.16    0.16</time>
   <energy>
    <i name="alphaZ">      3.35259783 </i>
    <i name="ewald">   -228.30166494 </i>
    <i name="hartreedc">    -14.96227063 </i>
    <i name="XCdc">    -17.97887661 </i>
    <i name="pawpsdc">    862.81543342 </i>
    <i name="pawaedc">   -827.84988489 </i>
    <i name="eentropy">     -0.00000000 </i>
    <i name="bandstr">      5.94683111 </i>
    <i name="atom">    206.13311910 </i>
    <i name="e_fr_energy">    -10.84471562 </i>
    <i name="e_wo_entrp">    -10.84471562 </i>
    <i name="e_0_energy">    -10.84471562 </i>
   </energy>
  </scstep>
  <structure>
   <crystal>
    <varray name="basis" >
     <v>       0.00000000       2.71811408       2.71811408 </v>
     <v>       2.71811408       0.00000000       2.71811408 </v>
     <v>       2.71811408       2.71811408       0.00000000 </v>
    </varray>
    <i name="volume">     40.16363733 </i>
    <varray name="rec_basis" >
     <v>      -0.18395107       0.18395107       0.18395107 </v>
     <v>       0.18395107      -0.18395107       0.18395107 </v>
     <v>       0.18395107       0.18395107      -0.18395107 </v>
    </varray>
   </crystal>
   <varray name="positions" >
    <v>       0.50000000       0.50000000       0.50000000 </v>
    <v>       0.75000000       0.75000000       0.75000000 </v>
   </varray>
  </structure>
  <varray name="forces" >
   <v>      -0.00000000      -0.00000000       0.00000000 </v>
   <v>       0.00000000       0.00000000      -0.00000000 </v>
  </varray>
  <varray name="stress" >
   <v>      16.59947570      -0.00000000       0.00000000 </v>
   <v>      -0.00000000      16.59947570       0.00000000 </v>
   <v>       0.00000000       0.00000000      16.59947570 </v>
  </varray>
  <energy>
   <i name="e_fr_energy">    -10.84471562 </i>
   <i name="e_wo_entrp">    -10.84471562 </i>
   <i name="e_0_energy">     -0.00000000 </i>
  </energy>
  <time name="totalsc">    2.21    2.23</time>
 </calculation>
 <calculation>
  <scstep>
   <time name="dav">    0.09    0.09</time>
   <time name="total">    0.11    0.11</time>
   <energy>
    <i name="alphaZ">      3.25363768 </i>
    <i name="ewald">   -226.03289908 </i>
    <i name="hartreedc">    -14.81511620 </i>
    <i name="XCdc">    -18.12556655 </i>
    <i name="pawpsdc">    862.78448137 </i>
    <i name="pawaedc">   -827.81892533 </i>
    <i name="eentropy">     -0.00000000 </i>
    <i name="bandstr">      3.76955744 </i>
    <i name="atom">    206.13311910 </i>
    <i name="e_fr_energy">    -10.85171157 </i>
    <i name="e_wo_entrp">    -10.85171157 </i>
    <i name="e_0_energy">    -10.85171157 </i>
   </energy>
  </scstep>
  <scstep>
   <time name="dav">    0.28    0.29</time>
   <time name="total">    0.30    0.30</time>
   <energy>
    <i name="e_fr_energy">    -10.84845702 </i>
    <i name="e_wo_entrp">    -10.84845702 </i>
    <i name="e_0_energy">    -10.84845702 </i>
   </energy>
  </scstep>
  <scstep>
   <time name="dav">    0.09    0.09</time>
   <time name="total">    0.14    0.14</time>
   <energy>
    <i name="e_fr_energy">    -10.84673846 </i>
    <i name="e_wo_entrp">    -10.84673846 </i>
    <i name="e_0_energy">    -10.84673846 </i>
   </energy>
  </scstep>
  <scstep>
   <time name="dav">    0.16    0.16</time>
   <time name="total">    0.19    0.19</time>
   <energy>
    <i name="e_fr_energy">    -10.84673899 </i>
    <i name="e_wo_entrp">    -10.84673899 </i>
    <i name="e_0_energy">    -10.84673899 </i>
   </energy>
  </scstep>
  <scstep>
   <time name="dav">    0.18    0.18</time>
   <time name="total">    0.19    0.19</time>
   <energy>
    <i name="e_fr_energy">    -10.84673020 </i>
    <i name="e_wo_entrp">    -10.84673020 </i>
    <i name="e_0_energy">    -10.84673020 </i>
   </energy>
  </scstep>
  <scstep>
   <time name="dav">    0.07    0.08</time>
   <time name="total">    0.08    0.08</time>
   <energy>
    <i name="alphaZ">      3.25363768 </i>
    <i name="ewald">   -226.03289908 </i>
    <i name="hartreedc">    -15.32122708 </i>
    <i name="XCdc">    -18.11552627 </i>
    <i name="pawpsdc">    808.67193763 </i>
    <i name="pawaedc">   -773.68039525 </i>
    <i name="eentropy">     -0.00000000 </i>
    <i name="bandstr">      4.24462285 </i>
    <i name="atom">    206.13311910 </i>
    <i name="e_fr_energy">    -10.84673042 </i>
    <i name="e_wo_entrp">    -10.84673042 </i>
    <i name="e_0_energy">    -10.84673042 </i>
   </energy>
  </scstep>
  <structure>
   <crystal>
    <varray name="basis" >
     <v>      -0.00000000       2.74539668       2.74539668 </v>
     <v>       2.74539668      -0.00000000       2.74539668 </v>
     <v>       2.74539668       2.74539668       0.00000000 </v>
    </varray>
    <i name="volume">     41.38522370 </i>
    <varray name="rec_basis" >
     <v>      -0.18212304       0.18212304       0.18212304 </v>
     <v>       0.18212304      -0.18212304       0.18212304 </v>
     <v>       0.18212304       0.18212304      -0.18212304 </v>
    </varray>
   </crystal>
   <varray name="positions" >
    <v>       0.50000000       0.50000000       0.50000000 </v>
    <v>       0.75000000       0.75000000       0.75000000 </v>
   </varray>
  </structure>
  <varray name="forces" >
   <v>      -0.00000000      -0.00000000      -0.00000000 </v>
   <v>       0.00000000       0.00000000       0.00000000 </v>
  </varray>
  <varray name="stress" >
   <v>     -10.44058353       0.00000000       0.00000000 </v>
   <v>      -0.00000000     -10.44058353       0.00000000 </v>
   <v>       0.00000000       0.00000000     -10.44058353 </v>
  </varray>
  <energy>
   <i name="e_fr_energy">    -10.84673042 </i>
   <i name="e_wo_entrp">    -10.84673042 </i>
   <i name="e_0_energy">     -0.00000000 </i>
  </energy>
  <time name="totalsc">    1.07    1.09</time>
 </calculation>
 <calculation>
  <scstep>
   <time name="dav">    0.09    0.10</time>
   <time name="total">    0.13    0.14</time>
   <energy>
    <i name="alphaZ">      3.29339382 </i>
    <i name="ewald">   -226.94980532 </i>
    <i name="hartreedc">    -15.38438691 </i>
    <i name="XCdc">    -18.05651643 </i>
    <i name="pawpsdc">    806.51552512 </i>
    <i name="pawaedc">   -771.52414535 </i>
    <i name="eentropy">     -0.00000000 </i>
    <i name="bandstr">      5.12362488 </i>
    <i name="atom">    206.13311910 </i>
    <i name="e_fr_energy">    -10.84919109 </i>
    <i name="e_wo_entrp">    -10.84919109 </i>
    <i name="e_0_energy">    -10.84919109 </i>
   </energy>
  </scstep>
  <scstep>
   <time name="dav">    0.29    0.29</time>
   <time name="total">    0.31    0.32</time>
   <energy>
    <i name="e_fr_energy">    -10.84865372 </i>
    <i name="e_wo_entrp">    -10.84865372 </i>
    <i name="e_0_energy">    -10.84865372 </i>
   </energy>
  </scstep>
  <scstep>
   <time name="dav">    0.05    0.05</time>
   <time name="total">    0.06    0.06</time>
   <energy>
    <i name="e_fr_energy">    -10.84837908 </i>
    <i name="e_wo_entrp">    -10.84837908 </i>
    <i name="e_0_energy">    -10.84837908 </i>
   </energy>
  </scstep>
  <scstep>
   <time name="dav">    0.06    0.06</time>
   <time name="total">    0.07    0.07</time>
   <energy>
    <i name="alphaZ">      3.29339382 </i>
    <i name="ewald">   -226.94980532 </i>
    <i name="hartreedc">    -15.17624598 </i>
    <i name="XCdc">    -18.06136094 </i>
    <i name="pawpsdc">    834.68853038 </i>
    <i name="pawaedc">   -799.70532110 </i>
    <i name="eentropy">     -0.00000000 </i>
    <i name="bandstr">      4.92931002 </i>
    <i name="atom">    206.13311910 </i>
    <i name="e_fr_energy">    -10.84838000 </i>
    <i name="e_wo_entrp">    -10.84838000 </i>
    <i name="e_0_energy">    -10.84838000 </i>
   </energy>
  </scstep>
  <structure>
   <crystal>
    <varray name="basis" >
     <v>      -0.00000000       2.73430492       2.73430492 </v>
     <v>       2.73430492      -0.00000000       2.73430492 </v>
     <v>       2.73430492       2.73430492       0.00000000 </v>
    </varray>
    <i name="volume">     40.88564273 </i>
    <varray name="rec_basis" >
     <v>      -0.18286183       0.18286183       0.18286183 </v>
     <v>       0.18286183      -0.18286183       0.18286183 </v>
     <v>       0.18286183       0.18286183      -0.18286183 </v>
    </varray>
   </crystal>
   <varray name="positions" >
    <v>       0.50000000       0.50000000       0.50000000 </v>
    <v>       0.75000000       0.75000000       0.75000000 </v>
   </varray>
  </structure>
  <varray name="forces" >
   <v>      -0.00000000      -0.00000000      -0.00000000 </v>
   <v>       0.00000000       0.00000000       0.00000000 </v>
  </varray>
  <varray name="stress" >
   <v>       0.05459813       0.00000000       0.00000000 </v>
   <v>       0.00000000       0.05459813       0.00000000 </v>
   <v>      -0.00000000       0.00000000       0.05459813 </v>
  </varray>
  <energy>
   <i name="e_fr_energy">    -10.84838000 </i>
   <i name="e_wo_entrp">    -10.84838000 </i>
   <i name="e_0_energy">     -0.00000000 </i>
  </energy>
  <time name="totalsc">    0.90    0.92</time>
  <eigenvalues>
   <array>
    <dimension dim="1">band</dimension>
    <dimension dim="2">kpoint</dimension>
    <dimension dim="3">spin</dimension>
    <field>eigene</field>
    <field>occ</field>
    <set>
     <set comment="spin 1">
      <set comment="kpoint 1">
       <r>   -6.1979    1.0000 </r>
       <r>    5.6171    1.0000 </r>
       <r>    5.6171    1.0000 </r>
       <r>    5.6171    1.0000 </r>
       <r>    8.1737    0.0000 </r>
       <r>    8.1737    0.0000 </r>
       <r>    8.1737    0.0000 </r>
       <r>    8.7520    0.0000 </r>
      </set>
      <set comment="kpoint 2">
       <r>   -6.0393    1.0000 </r>
       <r>    4.2781    1.0000 </r>
       <r>    5.3848    1.0000 </r>
       <r>    5.3848    1.0000 </r>
       <r>    8.1068    0.0000 </r>
       <r>    8.5160    0.0000 </r>
       <r>    8.5160    0.0000 </r>
       <r>    9.9094    0.0000 </r>
      </set>
      <set comment="kpoint 3">
       <r>   -5.5735    1.0000 </r>
       <r>    2.2284    1.0000 </r>
       <r>    4.9681    1.0000 </r>
       <r>    4.9681    1.0000 </r>
       <r>    7.6824    0.0000 </r>
       <r>    9.0402    0.0000 </r>
       <r>    9.0402    0.0000 </r>
       <r>   11.8909    0.0000 </r>
      </set>
      <set comment="kpoint 4">
       <r>   -4.8478    1.0000 </r>
       <r>    0.3476    1.0000 </r>
       <r>    4.6345    1.0000 </r>
       <r>    4.6345    1.0000 </r>
       <r>    7.3103    0.0000 </r>
       <r>    9.1204    0.0000 </r>
       <r>    9.1204    0.0000 </r>
       <r>   13.4020    0.0000 </r>
      </set>
      <set comment="kpoint 5">
       <r>   -4.0767    1.0000 </r>
       <r>   -1.0190    1.0000 </r>
       <r>    4.4604    1.0000 </r>
       <r>    4.4604    1.0000 </r>
       <r>    7.1099    0.0000 </r>
       <r>    8.9902    0.0000 </r>
       <r>    8.9902    0.0000 </r>
       <r>   13.3569    0.0000 </r>
      </set>
      <set comment="kpoint 6">
       <r>   -5.9860    1.0000 </r>
       <r>    4.4886    1.0000 </r>
       <r>    4.9565    1.0000 </r>
       <r>    4.9565    1.0000 </r>
       <r>    7.7287    0.0000 </r>
       <r>    9.0944    0.0000 </r>
       <r>    9.0944    0.0000 </r>
       <r>    9.7231    0.0000 </r>
      </set>
      <set comment="kpoint 7">
       <r>   -5.6206    1.0000 </r>
       <r>    2.8330    1.0000 </r>
       <r>    4.4916    1.0000 </r>
       <r>    4.6172    1.0000 </r>
       <r>    7.8143    0.0000 </r>
       <r>    9.0811    0.0000 </r>
       <r>    9.7984    0.0000 </r>
       <r>   10.4878    0.0000 </r>
      </set>
      <set comment="kpoint 8">
       <r>   -4.9725    1.0000 </r>
       <r>    0.9584    1.0000 </r>
       <r>    4.1181    1.0000 </r>
       <r>    4.1906    1.0000 </r>
       <r>    7.9168    0.0000 </r>
       <r>    9.0717    0.0000 </r>
       <r>    9.9757    0.0000 </r>
       <r>   10.9369    0.0000 </r>
      </set>
      <set comment="kpoint 9">
       <r>   -4.1649    1.0000 </r>
       <r>   -0.6007    1.0000 </r>
       <r>    3.6896    1.0000 </r>
       <r>    4.1080    1.0000 </r>
       <r>    7.7854    0.0000 </r>
       <r>    8.9983    0.0000 </r>
       <r>    9.7092    0.0000 </r>
       <r>   12.3518    0.0000 </r>
      </set>
      <set comment="kpoint 10">
       <r>   -3.7975    1.0000 </r>
       <r>   -1.1585    1.0000 </r>
       <r>    3.4367    1.0000 </r>
       <r>    4.2439    1.0000 </r>
       <r>    7.7820    0.0000 </r>
       <r>    9.0286    0.0000 </r>
       <r>    9.4522    0.0000 </r>
       <r>   13.7318    0.0000 </r>
      </set>
      <set comment="kpoint 11">
       <r>   -4.4365    1.0000 </r>
       <r>   -0.1344    1.0000 </r>
       <r>    3.4064    1.0000 </r>
       <r>    4.5672    1.0000 </r>
       <r>    7.9607    0.0000 </r>
       <r>    9.2530    0.0000 </r>
       <r>    9.3278    0.0000 </r>
       <r>   12.9376    0.0000 </r>
      </set>
      <set comment="kpoint 12">
       <r>   -5.2185    1.0000 </r>
       <r>    1.5628    1.0000 </r>
       <r>    3.6397    1.0000 </r>
       <r>    5.0083    1.0000 </r>
       <r>    8.2807    0.0000 </r>
       <r>    9.1089    0.0000 </r>
       <r>    9.3847    0.0000 </r>
       <r>   11.6245    0.0000 </r>
      </set>
      <set comment="kpoint 13">
       <r>   -5.7775    1.0000 </r>
       <r>    3.3003    1.0000 </r>
       <r>    4.2845    1.0000 </r>
       <r>    5.3950    1.0000 </r>
       <r>    8.5568    0.0000 </r>
       <r>    8.6104    0.0000 </r>
       <r>    8.8100    0.0000 </r>
       <r>   10.8719    0.0000 </r>
      </set>
      <set comment="kpoint 14">
       <r>   -5.3562    1.0000 </r>
       <r>    2.5909    1.0000 </r>
       <r>    3.9806    1.0000 </r>
       <r>    3.9806    1.0000 </r>
       <r>    6.9430    0.0000 </r>
       <r>    9.1600    0.0000 </r>
       <r>   10.8305    0.0000 </r>
       <r>   10.8305    0.0000 </r>
      </set>
      <set comment="kpoint 15">
       <r>   -4.7973    1.0000 </r>
       <r>    1.2820    1.0000 </r>
       <r>    3.3641    1.0000 </r>
       <r>    3.6439    1.0000 </r>
       <r>    7.0961    0.0000 </r>
       <r>    8.7903    0.0000 </r>
       <r>   11.0623    0.0000 </r>
       <r>   11.4038    0.0000 </r>
      </set>
      <set comment="kpoint 16">
       <r>   -4.0147    1.0000 </r>
       <r>   -0.1585    1.0000 </r>
       <r>    2.6344    1.0000 </r>
       <r>    3.5466    1.0000 </r>
       <r>    7.2813    0.0000 </r>
       <r>    9.7957    0.0000 </r>
       <r>   10.8128    0.0000 </r>
       <r>   11.2279    0.0000 </r>
      </set>
      <set comment="kpoint 17">
       <r>   -3.3774    1.0000 </r>
       <r>   -1.0764    1.0000 </r>
       <r>    2.1239    1.0000 </r>
       <r>    3.6978    1.0000 </r>
       <r>    7.4273    0.0000 </r>
       <r>   10.5818    0.0000 </r>
       <r>   10.8534    0.0000 </r>
       <r>   11.7428    0.0000 </r>
      </set>
      <set comment="kpoint 18">
       <r>   -3.7788    1.0000 </r>
       <r>   -0.5131    1.0000 </r>
       <r>    1.9501    1.0000 </r>
       <r>    4.0708    1.0000 </r>
       <r>    7.8015    0.0000 </r>
       <r>   10.5145    0.0000 </r>
       <r>   10.5261    0.0000 </r>
       <r>   12.7316    0.0000 </r>
      </set>
      <set comment="kpoint 19">
       <r>   -4.5834    1.0000 </r>
       <r>    0.7090    1.0000 </r>
       <r>    2.3336    1.0000 </r>
       <r>    4.5819    1.0000 </r>
       <r>    8.3103    0.0000 </r>
       <r>    9.9101    0.0000 </r>
       <r>   10.2305    0.0000 </r>
       <r>   11.4017    0.0000 </r>
      </set>
      <set comment="kpoint 20">
       <r>   -4.3280    1.0000 </r>
       <r>    0.6269    1.0000 </r>
       <r>    3.2499    1.0000 </r>
       <r>    3.2499    1.0000 </r>
       <r>    6.3758    0.0000 </r>
       <r>    7.6391    0.0000 </r>
       <r>   12.7902    0.0000 </r>
       <r>   12.7902    0.0000 </r>
      </set>
      <set comment="kpoint 21">
       <r>   -3.6033    1.0000 </r>
       <r>   -0.4065    1.0000 </r>
       <r>    2.5428    1.0000 </r>
       <r>    3.0951    1.0000 </r>
       <r>    6.6183    0.0000 </r>
       <r>    7.6785    0.0000 </r>
       <r>   13.0801    0.0000 </r>
       <r>   13.1442    0.0000 </r>
      </set>
      <set comment="kpoint 22">
       <r>   -2.8278    1.0000 </r>
       <r>   -1.2862    1.0000 </r>
       <r>    1.6608    1.0000 </r>
       <r>    3.1998    1.0000 </r>
       <r>    6.8148    0.0000 </r>
       <r>    9.2529    0.0000 </r>
       <r>   12.7769    0.0000 </r>
       <r>   12.8713    0.0000 </r>
      </set>
      <set comment="kpoint 23">
       <r>   -3.0011    1.0000 </r>
       <r>   -1.0964    1.0000 </r>
       <r>    1.3065    1.0000 </r>
       <r>    3.5480    1.0000 </r>
       <r>    7.2053    0.0000 </r>
       <r>   11.3950    0.0000 </r>
       <r>   12.0248    0.0000 </r>
       <r>   12.5884    0.0000 </r>
      </set>
      <set comment="kpoint 24">
       <r>   -2.9396    1.0000 </r>
       <r>   -1.2557    1.0000 </r>
       <r>    2.8706    1.0000 </r>
       <r>    2.8706    1.0000 </r>
       <r>    6.2408    0.0000 </r>
       <r>    6.6410    0.0000 </r>
       <r>   14.8350    0.0000 </r>
       <r>   14.8350    0.0000 </r>
      </set>
      <set comment="kpoint 25">
       <r>   -2.1838    1.0000 </r>
       <r>   -2.0140    1.0000 </r>
       <r>    2.2736    1.0000 </r>
       <r>    2.9074    1.0000 </r>
       <r>    6.4666    0.0000 </r>
       <r>    7.2809    0.0000 </r>
       <r>   14.7102    0.0000 </r>
       <r>   15.0130    0.0000 </r>
      </set>
      <set comment="kpoint 26">
       <r>   -5.1595    1.0000 </r>
       <r>    1.8438    1.0000 </r>
       <r>    3.3014    1.0000 </r>
       <r>    4.4717    1.0000 </r>
       <r>    7.9932    0.0000 </r>
       <r>    9.3637    0.0000 </r>
       <r>   10.0195    0.0000 </r>
       <r>   10.5916    0.0000 </r>
      </set>
      <set comment="kpoint 27">
       <r>   -4.4387    1.0000 </r>
       <r>    0.3823    1.0000 </r>
       <r>    2.6989    1.0000 </r>
       <r>    4.0454    1.0000 </r>
       <r>    8.3715    0.0000 </r>
       <r>    9.1916    0.0000 </r>
       <r>   10.3764    0.0000 </r>
       <r>   11.0365    0.0000 </r>
      </set>
      <set comment="kpoint 28">
       <r>   -3.6616    1.0000 </r>
       <r>   -0.8765    1.0000 </r>
       <r>    2.5036    1.0000 </r>
       <r>    3.7308    1.0000 </r>
       <r>    8.4541    0.0000 </r>
       <r>    8.8153    0.0000 </r>
       <r>   10.9756    0.0000 </r>
       <r>   12.0971    0.0000 </r>
      </set>
      <set comment="kpoint 29">
       <r>   -4.1578    1.0000 </r>
       <r>    0.3305    1.0000 </r>
       <r>    2.6032    1.0000 </r>
       <r>    3.2794    1.0000 </r>
       <r>    7.4511    0.0000 </r>
       <r>    8.4579    0.0000 </r>
       <r>   11.0019    0.0000 </r>
       <r>   12.7030    0.0000 </r>
      </set>
      <set comment="kpoint 30">
       <r>   -3.3488    1.0000 </r>
       <r>   -0.7328    1.0000 </r>
       <r>    1.9518    1.0000 </r>
       <r>    2.9816    1.0000 </r>
       <r>    7.8534    0.0000 </r>
       <r>    9.5366    0.0000 </r>
       <r>   10.5680    0.0000 </r>
       <r>   13.0977    0.0000 </r>
      </set>
      <set comment="kpoint 31">
       <r>   -2.9942    1.0000 </r>
       <r>   -1.1467    1.0000 </r>
       <r>    1.5740    1.0000 </r>
       <r>    3.0910    1.0000 </r>
       <r>    8.1397    0.0000 </r>
       <r>   10.1081    0.0000 </r>
       <r>   11.6339    0.0000 </r>
       <r>   12.1627    0.0000 </r>
      </set>
      <set comment="kpoint 32">
       <r>   -3.6784    1.0000 </r>
       <r>   -0.3619    1.0000 </r>
       <r>    1.7203    1.0000 </r>
       <r>    3.5175    1.0000 </r>
       <r>    8.6385    0.0000 </r>
       <r>    9.6163    0.0000 </r>
       <r>   10.4632    0.0000 </r>
       <r>   12.4701    0.0000 </r>
      </set>
      <set comment="kpoint 33">
       <r>   -2.8272    1.0000 </r>
       <r>   -1.2734    1.0000 </r>
       <r>    2.3223    1.0000 </r>
       <r>    2.5290    1.0000 </r>
       <r>    7.2837    0.0000 </r>
       <r>    7.5961    0.0000 </r>
       <r>   12.7573    0.0000 </r>
       <r>   14.5924    0.0000 </r>
      </set>
      <set comment="kpoint 34">
       <r>   -2.3193    1.0000 </r>
       <r>   -1.7246    1.0000 </r>
       <r>    1.6195    1.0000 </r>
       <r>    2.6148    1.0000 </r>
       <r>    7.6510    0.0000 </r>
       <r>    9.2700    0.0000 </r>
       <r>   12.2178    0.0000 </r>
       <r>   12.4738    0.0000 </r>
      </set>
      <set comment="kpoint 35">
       <r>   -2.5598    1.0000 </r>
       <r>   -1.4183    1.0000 </r>
       <r>    1.6563    1.0000 </r>
       <r>    2.2855    1.0000 </r>
       <r>    9.4543    0.0000 </r>
       <r>    9.5657    0.0000 </r>
       <r>   10.1896    0.0000 </r>
       <r>   11.9286    0.0000 </r>
      </set>
     </set>
    </set>
   </array>
  </eigenvalues>
  <separator name="orbital magnetization" >
   <v name="MAGDIPOLOUT">      0.00000000      0.00000000      0.00000000</v>
  </separator>
  <dos>
   <i name="efermi">      5.73209488 </i>
   <total>
    <array>
     <dimension dim="1">gridpoints</dimension>
     <dimension dim="2">spin</dimension>
     <field>energy</field>
     <field>total</field>
     <field>integrated</field>
     <set>
      <set comment="spin 1">
       <r>    -7.2585     0.0000     0.0000 </r>
       <r>    -7.1807     0.0000     0.0000 </r>
       <r>    -7.1029     0.0000     0.0000 </r>
       <r>    -7.0252     0.0000     0.0000 </r>
       <r>    -6.9474     0.0000     0.0000 </r>
       <r>    -6.8696     0.0000     0.0000 </r>
       <r>    -6.7918     0.0000     0.0000 </r>
       <r>    -6.7141     0.0000     0.0000 </r>
       <r>    -6.6363     0.0000     0.0000 </r>
       <r>    -6.5585     0.0000     0.0000 </r>
       <r>    -6.4807     0.0000     0.0000 </r>
       <r>    -6.4030     0.0000     0.0000 </r>
       <r>    -6.3252     0.0000     0.0000 </r>
       <r>    -6.2474     0.0000     0.0000 </r>
       <r>    -6.1696     0.0345     0.0027 </r>
       <r>    -6.0919     0.0008     0.0027 </r>
       <r>    -6.0141     0.2766     0.0243 </r>
       <r>    -5.9363     0.2171     0.0411 </r>
       <r>    -5.8586     0.0000     0.0412 </r>
       <r>    -5.7808     0.1724     0.0546 </r>
       <r>    -5.7030     0.2509     0.0741 </r>
       <r>    -5.6252     0.3138     0.0985 </r>
       <r>    -5.5475     0.8058     0.1611 </r>
       <r>    -5.4697     0.0092     0.1619 </r>
       <r>    -5.3919     0.0012     0.1620 </r>
       <r>    -5.3141     0.2101     0.1783 </r>
       <r>    -5.2364     0.0880     0.1851 </r>
       <r>    -5.1586     1.2033     0.2787 </r>
       <r>    -5.0808     0.4022     0.3100 </r>
       <r>    -5.0030     0.0130     0.3110 </r>
       <r>    -4.9253     0.8333     0.3758 </r>
       <r>    -4.8475     0.1441     0.3870 </r>
       <r>    -4.7697     0.9634     0.4620 </r>
       <r>    -4.6920     0.0217     0.4636 </r>
       <r>    -4.6142     0.0063     0.4641 </r>
       <r>    -4.5364     0.4169     0.4966 </r>
       <r>    -4.4586     0.1847     0.5109 </r>
       <r>    -4.3809     2.3552     0.6941 </r>
       <r>    -4.3031     0.2034     0.7099 </r>
       <r>    -4.2253     0.0083     0.7106 </r>
       <r>    -4.1475     1.4026     0.8196 </r>
       <r>    -4.0698     0.4846     0.8573 </r>
       <r>    -3.9920     0.8887     0.9265 </r>
       <r>    -3.9142     0.0461     0.9300 </r>
       <r>    -3.8365     0.0025     0.9302 </r>
       <r>    -3.7587     1.6225     1.0564 </r>
       <r>    -3.6809     0.5796     1.1015 </r>
       <r>    -3.6031     2.4549     1.2924 </r>
       <r>    -3.5254     0.4201     1.3251 </r>
       <r>    -3.4476     0.0000     1.3251 </r>
       <r>    -3.3698     0.7122     1.3805 </r>
       <r>    -3.2920     1.8276     1.5226 </r>
       <r>    -3.2143     0.0001     1.5226 </r>
       <r>    -3.1365     0.0000     1.5226 </r>
       <r>    -3.0587     0.0000     1.5226 </r>
       <r>    -2.9809     1.7900     1.6618 </r>
       <r>    -2.9032     0.5371     1.7036 </r>
       <r>    -2.8254     0.9466     1.7772 </r>
       <r>    -2.7476     0.7477     1.8354 </r>
       <r>    -2.6699     0.0000     1.8354 </r>
       <r>    -2.5921     0.0095     1.8361 </r>
       <r>    -2.5143     0.8366     1.9012 </r>
       <r>    -2.4365     0.0005     1.9012 </r>
       <r>    -2.3588     0.0022     1.9014 </r>
       <r>    -2.2810     0.8415     1.9669 </r>
       <r>    -2.2032     0.0388     1.9699 </r>
       <r>    -2.1254     0.3874     2.0000 </r>
       <r>    -2.0477     0.0036     2.0003 </r>
       <r>    -1.9699     0.4193     2.0329 </r>
       <r>    -1.8921     0.0004     2.0329 </r>
       <r>    -1.8143     0.0000     2.0329 </r>
       <r>    -1.7366     0.1684     2.0460 </r>
       <r>    -1.6588     0.6782     2.0988 </r>
       <r>    -1.5810     0.0000     2.0988 </r>
       <r>    -1.5033     0.0000     2.0988 </r>
       <r>    -1.4255     0.2583     2.1189 </r>
       <r>    -1.3477     0.5883     2.1646 </r>
       <r>    -1.2699     1.2804     2.2642 </r>
       <r>    -1.1922     0.6329     2.3134 </r>
       <r>    -1.1144     2.5576     2.5123 </r>
       <r>    -1.0366     1.2717     2.6112 </r>
       <r>    -0.9588     0.2541     2.6310 </r>
       <r>    -0.8811     0.6309     2.6801 </r>
       <r>    -0.8033     1.0623     2.7627 </r>
       <r>    -0.7255     1.1786     2.8544 </r>
       <r>    -0.6477     0.5149     2.8944 </r>
       <r>    -0.5700     0.8337     2.9592 </r>
       <r>    -0.4922     0.8004     3.0215 </r>
       <r>    -0.4144     0.3024     3.0450 </r>
       <r>    -0.3367     1.4182     3.1553 </r>
       <r>    -0.2589     0.0313     3.1578 </r>
       <r>    -0.1811     0.0471     3.1614 </r>
       <r>    -0.1033     1.6341     3.2885 </r>
       <r>    -0.0256     0.0120     3.2894 </r>
       <r>     0.0522     0.0000     3.2894 </r>
       <r>     0.1300     0.0000     3.2894 </r>
       <r>     0.2078     0.0000     3.2894 </r>
       <r>     0.2855     0.0006     3.2895 </r>
       <r>     0.3633     1.2343     3.3855 </r>
       <r>     0.4411     1.5871     3.5089 </r>
       <r>     0.5189     0.0000     3.5089 </r>
       <r>     0.5966     0.0034     3.5092 </r>
       <r>     0.6744     0.2112     3.5256 </r>
       <r>     0.7522     0.4199     3.5583 </r>
       <r>     0.8299     0.0005     3.5583 </r>
       <r>     0.9077     0.0001     3.5583 </r>
       <r>     0.9855     0.8231     3.6223 </r>
       <r>     1.0633     0.0234     3.6241 </r>
       <r>     1.1410     0.0000     3.6241 </r>
       <r>     1.2188     0.0000     3.6241 </r>
       <r>     1.2966     0.8211     3.6880 </r>
       <r>     1.3744     0.4488     3.7229 </r>
       <r>     1.4521     0.0000     3.7229 </r>
       <r>     1.5299     0.0100     3.7237 </r>
       <r>     1.6077     2.6863     3.9326 </r>
       <r>     1.6855     2.3380     4.1144 </r>
       <r>     1.7632     0.8910     4.1837 </r>
       <r>     1.8410     0.3578     4.2116 </r>
       <r>     1.9188     0.5177     4.2518 </r>
       <r>     1.9965     2.5102     4.4471 </r>
       <r>     2.0743     0.0019     4.4472 </r>
       <r>     2.1521     0.8268     4.5115 </r>
       <r>     2.2299     0.1726     4.5249 </r>
       <r>     2.3076     1.4873     4.6406 </r>
       <r>     2.3854     1.1817     4.7325 </r>
       <r>     2.4632     0.0037     4.7328 </r>
       <r>     2.5410     2.7402     4.9459 </r>
       <r>     2.6187     2.2100     5.1178 </r>
       <r>     2.6965     1.9170     5.2669 </r>
       <r>     2.7743     0.9603     5.3416 </r>
       <r>     2.8521     0.8117     5.4047 </r>
       <r>     2.9298     0.8580     5.4714 </r>
       <r>     3.0076     1.6610     5.6006 </r>
       <r>     3.0854     0.8486     5.6666 </r>
       <r>     3.1631     1.7510     5.8028 </r>
       <r>     3.2409     0.9547     5.8770 </r>
       <r>     3.3187     2.2919     6.0553 </r>
       <r>     3.3965     1.1800     6.1471 </r>
       <r>     3.4742     1.4932     6.2632 </r>
       <r>     3.5520     1.6511     6.3916 </r>
       <r>     3.6298     0.8071     6.4544 </r>
       <r>     3.7076     2.8381     6.6751 </r>
       <r>     3.7853     1.9022     6.8230 </r>
       <r>     3.8631     0.0001     6.8230 </r>
       <r>     3.9409     0.0011     6.8231 </r>
       <r>     4.0187     0.4702     6.8597 </r>
       <r>     4.0964     2.6889     7.0688 </r>
       <r>     4.1742     1.6004     7.1933 </r>
       <r>     4.2520     1.3632     7.2993 </r>
       <r>     4.3297     0.9310     7.3717 </r>
       <r>     4.4075     0.0004     7.3717 </r>
       <r>     4.4853     1.6095     7.4969 </r>
       <r>     4.5631     1.2237     7.5921 </r>
       <r>     4.6408     2.0927     7.7549 </r>
       <r>     4.7186     0.2242     7.7723 </r>
       <r>     4.7964     0.0000     7.7723 </r>
       <r>     4.8742     0.0000     7.7723 </r>
       <r>     4.9519     0.2304     7.7902 </r>
       <r>     5.0297     1.5485     7.9106 </r>
       <r>     5.1075     0.0555     7.9150 </r>
       <r>     5.1853     0.0000     7.9150 </r>
       <r>     5.2630     0.0000     7.9150 </r>
       <r>     5.3408     0.0005     7.9150 </r>
       <r>     5.4186     0.9621     7.9898 </r>
       <r>     5.4963     0.0251     7.9918 </r>
       <r>     5.5741     0.0001     7.9918 </r>
       <r>     5.6519     0.1050     7.9999 </r>
       <r>     5.7297     0.0007     8.0000 </r>
       <r>     5.8074     0.0000     8.0000 </r>
       <r>     5.8852     0.0000     8.0000 </r>
       <r>     5.9630     0.0000     8.0000 </r>
       <r>     6.0408     0.0000     8.0000 </r>
       <r>     6.1185     0.0000     8.0000 </r>
       <r>     6.1963     0.0002     8.0000 </r>
       <r>     6.2741     0.2095     8.0163 </r>
       <r>     6.3519     0.0115     8.0172 </r>
       <r>     6.4296     0.2040     8.0331 </r>
       <r>     6.5074     0.4206     8.0658 </r>
       <r>     6.5852     0.0089     8.0665 </r>
       <r>     6.6629     1.0367     8.1471 </r>
       <r>     6.7407     0.0135     8.1481 </r>
       <r>     6.8185     0.5094     8.1878 </r>
       <r>     6.8963     0.3374     8.2140 </r>
       <r>     6.9740     0.2086     8.2302 </r>
       <r>     7.0518     0.0037     8.2305 </r>
       <r>     7.1296     1.0974     8.3159 </r>
       <r>     7.2074     0.2671     8.3366 </r>
       <r>     7.2851     1.4284     8.4477 </r>
       <r>     7.3629     1.1571     8.5377 </r>
       <r>     7.4407     0.8963     8.6074 </r>
       <r>     7.5185     0.7969     8.6694 </r>
       <r>     7.5962     0.4258     8.7025 </r>
       <r>     7.6740     1.8295     8.8448 </r>
       <r>     7.7518     1.0007     8.9226 </r>
       <r>     7.8295     3.3129     9.1803 </r>
       <r>     7.9073     1.9690     9.3334 </r>
       <r>     7.9851     1.6841     9.4644 </r>
       <r>     8.0629     0.6431     9.5144 </r>
       <r>     8.1406     1.1727     9.6056 </r>
       <r>     8.2184     0.9082     9.6763 </r>
       <r>     8.2962     0.7983     9.7383 </r>
       <r>     8.3740     1.4362     9.8500 </r>
       <r>     8.4517     1.7407     9.9854 </r>
       <r>     8.5295     2.0076    10.1416 </r>
       <r>     8.6073     0.6941    10.1955 </r>
       <r>     8.6850     1.0833    10.2798 </r>
       <r>     8.7628     0.0502    10.2837 </r>
       <r>     8.8406     2.8792    10.5076 </r>
       <r>     8.9184     0.0694    10.5130 </r>
       <r>     8.9961     0.7568    10.5719 </r>
       <r>     9.0739     2.8320    10.7921 </r>
       <r>     9.1517     2.8149    11.0111 </r>
       <r>     9.2295     1.9283    11.1610 </r>
       <r>     9.3072     2.5207    11.3571 </r>
       <r>     9.3850     2.0089    11.5133 </r>
       <r>     9.4628     1.7411    11.6487 </r>
       <r>     9.5406     1.4878    11.7644 </r>
       <r>     9.6183     1.9472    11.9159 </r>
       <r>     9.6961     0.5312    11.9572 </r>
       <r>     9.7739     0.9900    12.0342 </r>
       <r>     9.8516     1.6062    12.1591 </r>
       <r>     9.9294     0.6476    12.2095 </r>
       <r>    10.0072     1.0559    12.2916 </r>
       <r>    10.0850     0.7811    12.3523 </r>
       <r>    10.1627     1.6316    12.4792 </r>
       <r>    10.2405     1.1443    12.5682 </r>
       <r>    10.3183     0.1015    12.5761 </r>
       <r>    10.3961     1.5535    12.6970 </r>
       <r>    10.4738     0.9328    12.7695 </r>
       <r>    10.5516     2.7833    12.9860 </r>
       <r>    10.6294     3.1929    13.2343 </r>
       <r>    10.7072     0.0036    13.2346 </r>
       <r>    10.7849     0.0209    13.2362 </r>
       <r>    10.8627     1.9838    13.3905 </r>
       <r>    10.9405     1.0528    13.4724 </r>
       <r>    11.0182     2.9276    13.7001 </r>
       <r>    11.0960     2.4737    13.8924 </r>
       <r>    11.1738     0.0073    13.8930 </r>
       <r>    11.2516     0.8069    13.9558 </r>
       <r>    11.3293     0.0397    13.9588 </r>
       <r>    11.4071     1.1169    14.0457 </r>
       <r>    11.4849     0.5763    14.0905 </r>
       <r>    11.5627     0.0000    14.0905 </r>
       <r>    11.6404     1.8855    14.2372 </r>
       <r>    11.7182     0.6889    14.2908 </r>
       <r>    11.7960     0.8119    14.3539 </r>
       <r>    11.8738     0.0320    14.3564 </r>
       <r>    11.9515     1.0526    14.4383 </r>
       <r>    12.0293     0.3085    14.4622 </r>
       <r>    12.1071     1.4443    14.5746 </r>
       <r>    12.1848     2.0101    14.7309 </r>
       <r>    12.2626     0.9373    14.8038 </r>
       <r>    12.3404     0.1792    14.8177 </r>
       <r>    12.4182     0.6682    14.8697 </r>
       <r>    12.4959     1.6144    14.9953 </r>
       <r>    12.5737     0.1423    15.0063 </r>
       <r>    12.6515     0.3598    15.0343 </r>
       <r>    12.7293     1.2068    15.1282 </r>
       <r>    12.8070     2.5390    15.3256 </r>
       <r>    12.8848     0.7661    15.3852 </r>
       <r>    12.9626     0.9583    15.4597 </r>
       <r>    13.0404     0.0348    15.4624 </r>
       <r>    13.1181     2.4356    15.6519 </r>
       <r>    13.1959     0.9486    15.7256 </r>
       <r>    13.2737     0.0001    15.7257 </r>
       <r>    13.3514     0.0986    15.7333 </r>
       <r>    13.4292     0.4582    15.7690 </r>
       <r>    13.5070     0.0076    15.7695 </r>
       <r>    13.5848     0.0000    15.7695 </r>
       <r>    13.6625     0.0000    15.7695 </r>
       <r>    13.7403     0.6150    15.8174 </r>
       <r>    13.8181     0.2316    15.8354 </r>
       <r>    13.8959     0.0000    15.8354 </r>
       <r>    13.9736     0.0000    15.8354 </r>
       <r>    14.0514     0.0000    15.8354 </r>
       <r>    14.1292     0.0000    15.8354 </r>
       <r>    14.2070     0.0000    15.8354 </r>
       <r>    14.2847     0.0000    15.8354 </r>
       <r>    14.3625     0.0000    15.8354 </r>
       <r>    14.4403     0.0000    15.8354 </r>
       <r>    14.5180     0.0000    15.8354 </r>
       <r>    14.5958     0.5038    15.8746 </r>
       <r>    14.6736     0.3449    15.9014 </r>
       <r>    14.7514     0.4205    15.9341 </r>
       <r>    14.8291     0.1443    15.9453 </r>
       <r>    14.9069     0.2798    15.9671 </r>
       <r>    14.9847     0.0096    15.9678 </r>
       <r>    15.0625     0.4136    16.0000 </r>
       <r>    15.1402     0.0001    16.0000 </r>
       <r>    15.2180     0.0000    16.0000 </r>
       <r>    15.2958     0.0000    16.0000 </r>
       <r>    15.3736     0.0000    16.0000 </r>
       <r>    15.4513     0.0000    16.0000 </r>
       <r>    15.5291     0.0000    16.0000 </r>
       <r>    15.6069     0.0000    16.0000 </r>
       <r>    15.6846     0.0000    16.0000 </r>
       <r>    15.7624     0.0000    16.0000 </r>
       <r>    15.8402     0.0000    16.0000 </r>
       <r>    15.9180     0.0000    16.0000 </r>
       <r>    15.9957     0.0000    16.0000 </r>
       <r>    16.0735     0.0000    16.0000 </r>
      </set>
     </set>
    </array>
   </total>
  </dos>
 </calculation>
 <structure name="finalpos" >
  <crystal>
   <varray name="basis" >
    <v>      -0.00000000       2.73430492       2.73430492 </v>
    <v>       2.73430492      -0.00000000       2.73430492 </v>
    <v>       2.73430492       2.73430492       0.00000000 </v>
   </varray>
   <i name="volume">     40.88564273 </i>
   <varray name="rec_basis" >
    <v>      -0.18286183       0.18286183       0.18286183 </v>
    <v>       0.18286183      -0.18286183       0.18286183 </v>
    <v>       0.18286183       0.18286183      -0.18286183 </v>
   </varray>
  </crystal>
  <varray name="positions" >
   <v>       0.50000000       0.50000000       0.50000000 </v>
   <v>       0.75000000       0.75000000       0.75000000 </v>
  </varray>
 </structure>
</modeling>
